{"level":"info","message":"✅ Base de datos conectada","service":"whatsapp-api-v2","timestamp":"2026-06-09 11:05:59","version":"v2"}
{"level":"info","message":"✅ Modo sin cache activado","service":"whatsapp-api-v2","timestamp":"2026-06-09 11:05:59","version":"v2"}
{"category":"whatsapp","level":"info","message":"Inicializando servicio WhatsApp...","service":"whatsapp-api-v2","timestamp":"2026-06-09 11:05:59","version":"v2"}
{"category":"whatsapp","level":"info","message":"Usando Baileys v2.3000.1035194821, es la última: true","service":"whatsapp-api-v2","timestamp":"2026-06-09 11:05:59","version":"v2"}
{"category":"whatsapp","level":"info","message":"Inicializando autenticación...","service":"whatsapp-api-v2","timestamp":"2026-06-09 11:05:59","version":"v2"}
{"category":"whatsapp","level":"info","message":"Autenticación cargada exitosamente","service":"whatsapp-api-v2","timestamp":"2026-06-09 11:05:59","version":"v2"}
{"level":"info","message":"✅ Servicio WhatsApp inicializado","service":"whatsapp-api-v2","timestamp":"2026-06-09 11:05:59","version":"v2"}
{"category":"whatsapp","connection":"connecting","level":"info","message":"Actualización de conexión:","service":"whatsapp-api-v2","timestamp":"2026-06-09 11:05:59","version":"v2"}
{"level":"info","message":"🚀 WhatsApp API v2 ejecutándose en puerto 3001","service":"whatsapp-api-v2","timestamp":"2026-06-09 11:05:59","version":"v2"}
{"level":"info","message":"📱 Entorno: development","service":"whatsapp-api-v2","timestamp":"2026-06-09 11:05:59","version":"v2"}
{"level":"info","message":"🔗 Health check: http://localhost:3001/health","service":"whatsapp-api-v2","timestamp":"2026-06-09 11:05:59","version":"v2"}
{"category":"whatsapp","connection":"close","lastDisconnect":401,"level":"info","message":"Actualización de conexión:","service":"whatsapp-api-v2","timestamp":"2026-06-09 11:06:02","version":"v2"}
{"category":"whatsapp","level":"info","message":"Desconectado de WhatsApp:","reason":401,"reconnectAttempts":0,"service":"whatsapp-api-v2","shouldReconnect":false,"timestamp":"2026-06-09 11:06:02","version":"v2"}
{"category":"whatsapp","level":"info","message":"Error 401 detectado, limpiando sesión para forzar nueva autenticación","service":"whatsapp-api-v2","timestamp":"2026-06-09 11:06:02","version":"v2"}
{"category":"whatsapp","level":"info","message":"Limpiando sesión corrupta...","service":"whatsapp-api-v2","timestamp":"2026-06-09 11:06:02","version":"v2"}
{"category":"whatsapp","level":"info","message":"Archivo eliminado: app-state-sync-key-AAAAAFtC.json","service":"whatsapp-api-v2","timestamp":"2026-06-09 11:06:02","version":"v2"}
{"category":"whatsapp","level":"info","message":"Archivo eliminado: app-state-sync-key-AAAAAFtD.json","service":"whatsapp-api-v2","timestamp":"2026-06-09 11:06:02","version":"v2"}
{"category":"whatsapp","level":"info","message":"Archivo eliminado: app-state-sync-key-AAAAAFtE.json","service":"whatsapp-api-v2","timestamp":"2026-06-09 11:06:02","version":"v2"}
{"category":"whatsapp","level":"info","message":"Archivo eliminado: app-state-sync-key-AAAAAFtF.json","service":"whatsapp-api-v2","timestamp":"2026-06-09 11:06:02","version":"v2"}
{"category":"whatsapp","level":"info","message":"Archivo eliminado: app-state-sync-key-AAAAAFtG.json","service":"whatsapp-api-v2","timestamp":"2026-06-09 11:06:02","version":"v2"}
{"category":"whatsapp","level":"info","message":"Archivo eliminado: app-state-sync-key-AAAAAFtH.json","service":"whatsapp-api-v2","timestamp":"2026-06-09 11:06:02","version":"v2"}
{"category":"whatsapp","level":"info","message":"Archivo eliminado: app-state-sync-key-AAAAAFtI.json","service":"whatsapp-api-v2","timestamp":"2026-06-09 11:06:02","version":"v2"}
{"category":"whatsapp","level":"info","message":"Archivo eliminado: app-state-sync-key-AAAAAFtJ.json","service":"whatsapp-api-v2","timestamp":"2026-06-09 11:06:02","version":"v2"}
{"category":"whatsapp","level":"info","message":"Archivo eliminado: app-state-sync-key-AAAAAFtK.json","service":"whatsapp-api-v2","timestamp":"2026-06-09 11:06:02","version":"v2"}
{"category":"whatsapp","level":"info","message":"Archivo eliminado: app-state-sync-key-AAAAAFtL.json","service":"whatsapp-api-v2","timestamp":"2026-06-09 11:06:02","version":"v2"}
{"category":"whatsapp","level":"info","message":"Archivo eliminado: app-state-sync-version-regular_high.json","service":"whatsapp-api-v2","timestamp":"2026-06-09 11:06:02","version":"v2"}
{"category":"whatsapp","level":"info","message":"Archivo eliminado: creds.json","service":"whatsapp-api-v2","timestamp":"2026-06-09 11:06:02","version":"v2"}
{"category":"whatsapp","level":"info","message":"Archivo eliminado: pre-key-11.json","service":"whatsapp-api-v2","timestamp":"2026-06-09 11:06:02","version":"v2"}
{"category":"whatsapp","level":"info","message":"Archivo eliminado: pre-key-14.json","service":"whatsapp-api-v2","timestamp":"2026-06-09 11:06:02","version":"v2"}
{"category":"whatsapp","level":"info","message":"Archivo eliminado: pre-key-17.json","service":"whatsapp-api-v2","timestamp":"2026-06-09 11:06:02","version":"v2"}
{"category":"whatsapp","level":"info","message":"Archivo eliminado: pre-key-20.json","service":"whatsapp-api-v2","timestamp":"2026-06-09 11:06:02","version":"v2"}
{"category":"whatsapp","level":"info","message":"Archivo eliminado: pre-key-21.json","service":"whatsapp-api-v2","timestamp":"2026-06-09 11:06:02","version":"v2"}
{"category":"whatsapp","level":"info","message":"Archivo eliminado: pre-key-22.json","service":"whatsapp-api-v2","timestamp":"2026-06-09 11:06:02","version":"v2"}
{"category":"whatsapp","level":"info","message":"Archivo eliminado: pre-key-26.json","service":"whatsapp-api-v2","timestamp":"2026-06-09 11:06:02","version":"v2"}
{"category":"whatsapp","level":"info","message":"Archivo eliminado: pre-key-3.json","service":"whatsapp-api-v2","timestamp":"2026-06-09 11:06:02","version":"v2"}
{"category":"whatsapp","level":"info","message":"Archivo eliminado: pre-key-33.json","service":"whatsapp-api-v2","timestamp":"2026-06-09 11:06:02","version":"v2"}
{"category":"whatsapp","level":"info","message":"Archivo eliminado: pre-key-34.json","service":"whatsapp-api-v2","timestamp":"2026-06-09 11:06:02","version":"v2"}
{"category":"whatsapp","level":"info","message":"Archivo eliminado: pre-key-35.json","service":"whatsapp-api-v2","timestamp":"2026-06-09 11:06:02","version":"v2"}
{"category":"whatsapp","level":"info","message":"Archivo eliminado: pre-key-36.json","service":"whatsapp-api-v2","timestamp":"2026-06-09 11:06:02","version":"v2"}
{"category":"whatsapp","level":"info","message":"Archivo eliminado: pre-key-37.json","service":"whatsapp-api-v2","timestamp":"2026-06-09 11:06:02","version":"v2"}
{"category":"whatsapp","level":"info","message":"Archivo eliminado: pre-key-38.json","service":"whatsapp-api-v2","timestamp":"2026-06-09 11:06:02","version":"v2"}
{"category":"whatsapp","level":"info","message":"Archivo eliminado: pre-key-39.json","service":"whatsapp-api-v2","timestamp":"2026-06-09 11:06:02","version":"v2"}
{"category":"whatsapp","level":"info","message":"Archivo eliminado: pre-key-4.json","service":"whatsapp-api-v2","timestamp":"2026-06-09 11:06:02","version":"v2"}
{"category":"whatsapp","level":"info","message":"Archivo eliminado: pre-key-40.json","service":"whatsapp-api-v2","timestamp":"2026-06-09 11:06:02","version":"v2"}
{"category":"whatsapp","level":"info","message":"Archivo eliminado: pre-key-41.json","service":"whatsapp-api-v2","timestamp":"2026-06-09 11:06:02","version":"v2"}
{"category":"whatsapp","level":"info","message":"Archivo eliminado: pre-key-42.json","service":"whatsapp-api-v2","timestamp":"2026-06-09 11:06:02","version":"v2"}
{"category":"whatsapp","level":"info","message":"Archivo eliminado: pre-key-43.json","service":"whatsapp-api-v2","timestamp":"2026-06-09 11:06:02","version":"v2"}
{"category":"whatsapp","level":"info","message":"Archivo eliminado: pre-key-44.json","service":"whatsapp-api-v2","timestamp":"2026-06-09 11:06:02","version":"v2"}
{"category":"whatsapp","level":"info","message":"Archivo eliminado: pre-key-45.json","service":"whatsapp-api-v2","timestamp":"2026-06-09 11:06:02","version":"v2"}
{"category":"whatsapp","level":"info","message":"Archivo eliminado: pre-key-46.json","service":"whatsapp-api-v2","timestamp":"2026-06-09 11:06:02","version":"v2"}
{"category":"whatsapp","level":"info","message":"Archivo eliminado: pre-key-47.json","service":"whatsapp-api-v2","timestamp":"2026-06-09 11:06:02","version":"v2"}
{"category":"whatsapp","level":"info","message":"Archivo eliminado: pre-key-48.json","service":"whatsapp-api-v2","timestamp":"2026-06-09 11:06:02","version":"v2"}
{"category":"whatsapp","level":"info","message":"Archivo eliminado: pre-key-49.json","service":"whatsapp-api-v2","timestamp":"2026-06-09 11:06:02","version":"v2"}
{"category":"whatsapp","level":"info","message":"Archivo eliminado: pre-key-50.json","service":"whatsapp-api-v2","timestamp":"2026-06-09 11:06:02","version":"v2"}
{"category":"whatsapp","level":"info","message":"Archivo eliminado: pre-key-51.json","service":"whatsapp-api-v2","timestamp":"2026-06-09 11:06:02","version":"v2"}
{"category":"whatsapp","level":"info","message":"Archivo eliminado: pre-key-52.json","service":"whatsapp-api-v2","timestamp":"2026-06-09 11:06:02","version":"v2"}
{"category":"whatsapp","level":"info","message":"Archivo eliminado: pre-key-53.json","service":"whatsapp-api-v2","timestamp":"2026-06-09 11:06:02","version":"v2"}
{"category":"whatsapp","level":"info","message":"Archivo eliminado: pre-key-54.json","service":"whatsapp-api-v2","timestamp":"2026-06-09 11:06:02","version":"v2"}
{"category":"whatsapp","level":"info","message":"Archivo eliminado: pre-key-55.json","service":"whatsapp-api-v2","timestamp":"2026-06-09 11:06:02","version":"v2"}
{"category":"whatsapp","level":"info","message":"Archivo eliminado: pre-key-56.json","service":"whatsapp-api-v2","timestamp":"2026-06-09 11:06:02","version":"v2"}
{"category":"whatsapp","level":"info","message":"Archivo eliminado: pre-key-57.json","service":"whatsapp-api-v2","timestamp":"2026-06-09 11:06:02","version":"v2"}
{"category":"whatsapp","level":"info","message":"Archivo eliminado: pre-key-58.json","service":"whatsapp-api-v2","timestamp":"2026-06-09 11:06:02","version":"v2"}
{"category":"whatsapp","level":"info","message":"Archivo eliminado: pre-key-59.json","service":"whatsapp-api-v2","timestamp":"2026-06-09 11:06:02","version":"v2"}
{"category":"whatsapp","level":"info","message":"Archivo eliminado: pre-key-60.json","service":"whatsapp-api-v2","timestamp":"2026-06-09 11:06:02","version":"v2"}
{"category":"whatsapp","level":"info","message":"Archivo eliminado: pre-key-61.json","service":"whatsapp-api-v2","timestamp":"2026-06-09 11:06:02","version":"v2"}
{"category":"whatsapp","level":"info","message":"Archivo eliminado: pre-key-62.json","service":"whatsapp-api-v2","timestamp":"2026-06-09 11:06:02","version":"v2"}
{"category":"whatsapp","level":"info","message":"Archivo eliminado: pre-key-7.json","service":"whatsapp-api-v2","timestamp":"2026-06-09 11:06:02","version":"v2"}
{"category":"whatsapp","level":"info","message":"Archivo eliminado: pre-key-8.json","service":"whatsapp-api-v2","timestamp":"2026-06-09 11:06:02","version":"v2"}
{"category":"whatsapp","level":"info","message":"Archivo eliminado: pre-key-9.json","service":"whatsapp-api-v2","timestamp":"2026-06-09 11:06:02","version":"v2"}
{"category":"whatsapp","level":"info","message":"Archivo eliminado: sender-key-120363021453759854@g.us--106407865151728--0.json","service":"whatsapp-api-v2","timestamp":"2026-06-09 11:06:02","version":"v2"}
{"category":"whatsapp","level":"info","message":"Archivo eliminado: sender-key-120363021453759854@g.us--107387134456016--0.json","service":"whatsapp-api-v2","timestamp":"2026-06-09 11:06:02","version":"v2"}
{"category":"whatsapp","level":"info","message":"Archivo eliminado: sender-key-120363021453759854@g.us--119211447844881--0.json","service":"whatsapp-api-v2","timestamp":"2026-06-09 11:06:02","version":"v2"}
{"category":"whatsapp","level":"info","message":"Archivo eliminado: sender-key-120363021453759854@g.us--119241244201123--0.json","service":"whatsapp-api-v2","timestamp":"2026-06-09 11:06:02","version":"v2"}
{"category":"whatsapp","level":"info","message":"Archivo eliminado: sender-key-120363021453759854@g.us--121281504612495--0.json","service":"whatsapp-api-v2","timestamp":"2026-06-09 11:06:02","version":"v2"}
{"category":"whatsapp","level":"info","message":"Archivo eliminado: sender-key-120363021453759854@g.us--126452896952575--0.json","service":"whatsapp-api-v2","timestamp":"2026-06-09 11:06:02","version":"v2"}
{"category":"whatsapp","level":"info","message":"Archivo eliminado: sender-key-120363021453759854@g.us--130674413547765--0.json","service":"whatsapp-api-v2","timestamp":"2026-06-09 11:06:02","version":"v2"}
{"category":"whatsapp","level":"info","message":"Archivo eliminado: sender-key-120363021453759854@g.us--135089639956580--0.json","service":"whatsapp-api-v2","timestamp":"2026-06-09 11:06:02","version":"v2"}
{"category":"whatsapp","level":"info","message":"Archivo eliminado: sender-key-120363021453759854@g.us--137950205628565--0.json","service":"whatsapp-api-v2","timestamp":"2026-06-09 11:06:02","version":"v2"}
{"category":"whatsapp","level":"info","message":"Archivo eliminado: sender-key-120363021453759854@g.us--141725632835613--0.json","service":"whatsapp-api-v2","timestamp":"2026-06-09 11:06:02","version":"v2"}
{"category":"whatsapp","level":"info","message":"Archivo eliminado: sender-key-120363021453759854@g.us--145475156107399--0.json","service":"whatsapp-api-v2","timestamp":"2026-06-09 11:06:02","version":"v2"}
{"category":"whatsapp","level":"info","message":"Archivo eliminado: sender-key-120363021453759854@g.us--147875841462447--0.json","service":"whatsapp-api-v2","timestamp":"2026-06-09 11:06:02","version":"v2"}
{"category":"whatsapp","level":"info","message":"Archivo eliminado: sender-key-120363021453759854@g.us--150534476591314--0.json","service":"whatsapp-api-v2","timestamp":"2026-06-09 11:06:02","version":"v2"}
{"category":"whatsapp","level":"info","message":"Archivo eliminado: sender-key-120363021453759854@g.us--151217376329748--0.json","service":"whatsapp-api-v2","timestamp":"2026-06-09 11:06:02","version":"v2"}
{"category":"whatsapp","level":"info","message":"Archivo eliminado: sender-key-120363021453759854@g.us--156753538883814--0.json","service":"whatsapp-api-v2","timestamp":"2026-06-09 11:06:02","version":"v2"}
{"category":"whatsapp","level":"info","message":"Archivo eliminado: sender-key-120363021453759854@g.us--156771171741825--0.json","service":"whatsapp-api-v2","timestamp":"2026-06-09 11:06:02","version":"v2"}
{"category":"whatsapp","level":"info","message":"Archivo eliminado: sender-key-120363021453759854@g.us--157625366913113--0.json","service":"whatsapp-api-v2","timestamp":"2026-06-09 11:06:02","version":"v2"}
{"category":"whatsapp","level":"info","message":"Archivo eliminado: sender-key-120363021453759854@g.us--160138291851515--0.json","service":"whatsapp-api-v2","timestamp":"2026-06-09 11:06:02","version":"v2"}
{"category":"whatsapp","level":"info","message":"Archivo eliminado: sender-key-120363021453759854@g.us--160734956789925--0.json","service":"whatsapp-api-v2","timestamp":"2026-06-09 11:06:02","version":"v2"}
{"category":"whatsapp","level":"info","message":"Archivo eliminado: sender-key-120363021453759854@g.us--170450407686249--0.json","service":"whatsapp-api-v2","timestamp":"2026-06-09 11:06:02","version":"v2"}
{"category":"whatsapp","level":"info","message":"Archivo eliminado: sender-key-120363021453759854@g.us--171558358233249--0.json","service":"whatsapp-api-v2","timestamp":"2026-06-09 11:06:02","version":"v2"}
{"category":"whatsapp","level":"info","message":"Archivo eliminado: sender-key-120363021453759854@g.us--175643039948916--0.json","service":"whatsapp-api-v2","timestamp":"2026-06-09 11:06:02","version":"v2"}
{"category":"whatsapp","level":"info","message":"Archivo eliminado: sender-key-120363021453759854@g.us--180680818470978--0.json","service":"whatsapp-api-v2","timestamp":"2026-06-09 11:06:02","version":"v2"}
{"category":"whatsapp","level":"info","message":"Archivo eliminado: sender-key-120363021453759854@g.us--182424591974508--1.json","service":"whatsapp-api-v2","timestamp":"2026-06-09 11:06:02","version":"v2"}
{"category":"whatsapp","level":"info","message":"Archivo eliminado: sender-key-120363021453759854@g.us--18275706663116--0.json","service":"whatsapp-api-v2","timestamp":"2026-06-09 11:06:02","version":"v2"}
{"category":"whatsapp","level":"info","message":"Archivo eliminado: sender-key-120363021453759854@g.us--184632221892828--0.json","service":"whatsapp-api-v2","timestamp":"2026-06-09 11:06:02","version":"v2"}
{"category":"whatsapp","level":"info","message":"Archivo eliminado: sender-key-120363021453759854@g.us--189223390965930--0.json","service":"whatsapp-api-v2","timestamp":"2026-06-09 11:06:02","version":"v2"}
{"category":"whatsapp","level":"info","message":"Archivo eliminado: sender-key-120363021453759854@g.us--219640651378770--0.json","service":"whatsapp-api-v2","timestamp":"2026-06-09 11:06:02","version":"v2"}
{"category":"whatsapp","level":"info","message":"Archivo eliminado: sender-key-120363021453759854@g.us--228505547727058--0.json","service":"whatsapp-api-v2","timestamp":"2026-06-09 11:06:02","version":"v2"}
{"category":"whatsapp","level":"info","message":"Archivo eliminado: sender-key-120363021453759854@g.us--231902497738898--0.json","service":"whatsapp-api-v2","timestamp":"2026-06-09 11:06:02","version":"v2"}
{"category":"whatsapp","level":"info","message":"Archivo eliminado: sender-key-120363021453759854@g.us--240608732024951--0.json","service":"whatsapp-api-v2","timestamp":"2026-06-09 11:06:02","version":"v2"}
{"category":"whatsapp","level":"info","message":"Archivo eliminado: sender-key-120363021453759854@g.us--243825410896089--0.json","service":"whatsapp-api-v2","timestamp":"2026-06-09 11:06:02","version":"v2"}
{"category":"whatsapp","level":"info","message":"Archivo eliminado: sender-key-120363021453759854@g.us--264093730644083--0.json","service":"whatsapp-api-v2","timestamp":"2026-06-09 11:06:02","version":"v2"}
{"category":"whatsapp","level":"info","message":"Archivo eliminado: sender-key-120363021453759854@g.us--270192114454663--0.json","service":"whatsapp-api-v2","timestamp":"2026-06-09 11:06:02","version":"v2"}
{"category":"whatsapp","level":"info","message":"Archivo eliminado: sender-key-120363021453759854@g.us--31263167672446--0.json","service":"whatsapp-api-v2","timestamp":"2026-06-09 11:06:02","version":"v2"}
{"category":"whatsapp","level":"info","message":"Archivo eliminado: sender-key-120363021453759854@g.us--45806077882368--0.json","service":"whatsapp-api-v2","timestamp":"2026-06-09 11:06:02","version":"v2"}
{"category":"whatsapp","level":"info","message":"Archivo eliminado: sender-key-120363021453759854@g.us--51561417941109--0.json","service":"whatsapp-api-v2","timestamp":"2026-06-09 11:06:02","version":"v2"}
{"category":"whatsapp","level":"info","message":"Archivo eliminado: sender-key-120363021453759854@g.us--67637228912770--0.json","service":"whatsapp-api-v2","timestamp":"2026-06-09 11:06:02","version":"v2"}
{"category":"whatsapp","level":"info","message":"Archivo eliminado: sender-key-120363021453759854@g.us--67989399433268--0.json","service":"whatsapp-api-v2","timestamp":"2026-06-09 11:06:02","version":"v2"}
{"category":"whatsapp","level":"info","message":"Archivo eliminado: sender-key-120363021453759854@g.us--76218573529120--0.json","service":"whatsapp-api-v2","timestamp":"2026-06-09 11:06:02","version":"v2"}
{"category":"whatsapp","level":"info","message":"Archivo eliminado: sender-key-120363021453759854@g.us--9625223061717--0.json","service":"whatsapp-api-v2","timestamp":"2026-06-09 11:06:02","version":"v2"}
{"category":"whatsapp","level":"info","message":"Archivo eliminado: sender-key-120363021453759854@g.us--96383461810295--0.json","service":"whatsapp-api-v2","timestamp":"2026-06-09 11:06:02","version":"v2"}
{"category":"whatsapp","level":"info","message":"Archivo eliminado: sender-key-120363021453759854@g.us--96813059199040--0.json","service":"whatsapp-api-v2","timestamp":"2026-06-09 11:06:02","version":"v2"}
{"category":"whatsapp","level":"info","message":"Archivo eliminado: sender-key-120363021453759854@g.us--98440667263219--0.json","service":"whatsapp-api-v2","timestamp":"2026-06-09 11:06:02","version":"v2"}
{"category":"whatsapp","level":"info","message":"Archivo eliminado: sender-key-120363044463231769@g.us--134999579873516--0.json","service":"whatsapp-api-v2","timestamp":"2026-06-09 11:06:02","version":"v2"}
{"category":"whatsapp","level":"info","message":"Archivo eliminado: sender-key-120363044463231769@g.us--139938842562624--0.json","service":"whatsapp-api-v2","timestamp":"2026-06-09 11:06:02","version":"v2"}
{"category":"whatsapp","level":"info","message":"Archivo eliminado: sender-key-120363044463231769@g.us--1460305703095--0.json","service":"whatsapp-api-v2","timestamp":"2026-06-09 11:06:02","version":"v2"}
{"category":"whatsapp","level":"info","message":"Archivo eliminado: sender-key-120363044463231769@g.us--169294994362590--0.json","service":"whatsapp-api-v2","timestamp":"2026-06-09 11:06:02","version":"v2"}
{"category":"whatsapp","level":"info","message":"Archivo eliminado: sender-key-120363044463231769@g.us--177653470482605--0.json","service":"whatsapp-api-v2","timestamp":"2026-06-09 11:06:02","version":"v2"}
{"category":"whatsapp","level":"info","message":"Archivo eliminado: sender-key-120363044463231769@g.us--196322955112530--0.json","service":"whatsapp-api-v2","timestamp":"2026-06-09 11:06:02","version":"v2"}
{"category":"whatsapp","level":"info","message":"Archivo eliminado: sender-key-120363044463231769@g.us--56831158263954--0.json","service":"whatsapp-api-v2","timestamp":"2026-06-09 11:06:02","version":"v2"}
{"category":"whatsapp","level":"info","message":"Archivo eliminado: sender-key-120363044463231769@g.us--57419518459985--0.json","service":"whatsapp-api-v2","timestamp":"2026-06-09 11:06:02","version":"v2"}
{"category":"whatsapp","level":"info","message":"Archivo eliminado: sender-key-120363044463231769@g.us--89090590527679--0.json","service":"whatsapp-api-v2","timestamp":"2026-06-09 11:06:02","version":"v2"}
{"category":"whatsapp","level":"info","message":"Archivo eliminado: sender-key-120363044463231769@g.us--89803957751844--0.json","service":"whatsapp-api-v2","timestamp":"2026-06-09 11:06:02","version":"v2"}
{"category":"whatsapp","level":"info","message":"Archivo eliminado: sender-key-120363326943557016@g.us--115174044352676--0.json","service":"whatsapp-api-v2","timestamp":"2026-06-09 11:06:02","version":"v2"}
{"category":"whatsapp","level":"info","message":"Archivo eliminado: sender-key-120363326943557016@g.us--121281504612495--0.json","service":"whatsapp-api-v2","timestamp":"2026-06-09 11:06:02","version":"v2"}
{"category":"whatsapp","level":"info","message":"Archivo eliminado: sender-key-120363326943557016@g.us--171558358233249--0.json","service":"whatsapp-api-v2","timestamp":"2026-06-09 11:06:02","version":"v2"}
{"category":"whatsapp","level":"info","message":"Archivo eliminado: sender-key-120363326943557016@g.us--182424591974508--1.json","service":"whatsapp-api-v2","timestamp":"2026-06-09 11:06:02","version":"v2"}
{"category":"whatsapp","level":"info","message":"Archivo eliminado: sender-key-120363326943557016@g.us--184632221892828--0.json","service":"whatsapp-api-v2","timestamp":"2026-06-09 11:06:02","version":"v2"}
{"category":"whatsapp","level":"info","message":"Archivo eliminado: sender-key-120363326943557016@g.us--78443500818482--0.json","service":"whatsapp-api-v2","timestamp":"2026-06-09 11:06:02","version":"v2"}
{"category":"whatsapp","level":"info","message":"Archivo eliminado: sender-key-120363408372177623@g.us--113275786236135--0.json","service":"whatsapp-api-v2","timestamp":"2026-06-09 11:06:02","version":"v2"}
{"category":"whatsapp","level":"info","message":"Archivo eliminado: sender-key-120363408372177623@g.us--118549704114290--0.json","service":"whatsapp-api-v2","timestamp":"2026-06-09 11:06:02","version":"v2"}
{"category":"whatsapp","level":"info","message":"Archivo eliminado: sender-key-120363408372177623@g.us--125645023609080--0.json","service":"whatsapp-api-v2","timestamp":"2026-06-09 11:06:02","version":"v2"}
{"category":"whatsapp","level":"info","message":"Archivo eliminado: sender-key-120363408372177623@g.us--231666291318901--0.json","service":"whatsapp-api-v2","timestamp":"2026-06-09 11:06:02","version":"v2"}
{"category":"whatsapp","level":"info","message":"Archivo eliminado: sender-key-120363408372177623@g.us--61032139587739--0.json","service":"whatsapp-api-v2","timestamp":"2026-06-09 11:06:02","version":"v2"}
{"category":"whatsapp","level":"info","message":"Archivo eliminado: sender-key-120363418154653901@g.us--212240221392989--0.json","service":"whatsapp-api-v2","timestamp":"2026-06-09 11:06:02","version":"v2"}
{"category":"whatsapp","level":"info","message":"Archivo eliminado: sender-key-120363418154653901@g.us--97457253965991--9.json","service":"whatsapp-api-v2","timestamp":"2026-06-09 11:06:02","version":"v2"}
{"category":"whatsapp","level":"info","message":"Archivo eliminado: sender-key-120363421996394704@g.us--212240221392989--0.json","service":"whatsapp-api-v2","timestamp":"2026-06-09 11:06:02","version":"v2"}
{"category":"whatsapp","level":"info","message":"Archivo eliminado: sender-key-120363421996394704@g.us--212240221392989--59.json","service":"whatsapp-api-v2","timestamp":"2026-06-09 11:06:02","version":"v2"}
{"category":"whatsapp","level":"info","message":"Archivo eliminado: sender-key-120363421996394704@g.us--42043552305249--0.json","service":"whatsapp-api-v2","timestamp":"2026-06-09 11:06:02","version":"v2"}
{"category":"whatsapp","level":"info","message":"Archivo eliminado: sender-key-120363421996394704@g.us--42043552305249--7.json","service":"whatsapp-api-v2","timestamp":"2026-06-09 11:06:02","version":"v2"}
{"category":"whatsapp","level":"info","message":"Archivo eliminado: sender-key-120363421996394704@g.us--42077878493186--0.json","service":"whatsapp-api-v2","timestamp":"2026-06-09 11:06:02","version":"v2"}
{"category":"whatsapp","level":"info","message":"Archivo eliminado: sender-key-120363421996394704@g.us--84280193609847--0.json","service":"whatsapp-api-v2","timestamp":"2026-06-09 11:06:02","version":"v2"}
{"category":"whatsapp","level":"info","message":"Archivo eliminado: sender-key-120363425100034621@g.us--138371045314713--0.json","service":"whatsapp-api-v2","timestamp":"2026-06-09 11:06:02","version":"v2"}
{"category":"whatsapp","level":"info","message":"Archivo eliminado: sender-key-120363425100034621@g.us--180969017483299--0.json","service":"whatsapp-api-v2","timestamp":"2026-06-09 11:06:02","version":"v2"}
{"category":"whatsapp","level":"info","message":"Archivo eliminado: sender-key-120363425100034621@g.us--180969017483299--75.json","service":"whatsapp-api-v2","timestamp":"2026-06-09 11:06:02","version":"v2"}
{"category":"whatsapp","level":"info","message":"Archivo eliminado: sender-key-120363425100034621@g.us--37258908446846--0.json","service":"whatsapp-api-v2","timestamp":"2026-06-09 11:06:02","version":"v2"}
{"category":"whatsapp","level":"info","message":"Archivo eliminado: sender-key-120363425100034621@g.us--95618991144964--0.json","service":"whatsapp-api-v2","timestamp":"2026-06-09 11:06:02","version":"v2"}
{"category":"whatsapp","level":"info","message":"Archivo eliminado: sender-key-1705657038@broadcast--3273335533804--0.json","service":"whatsapp-api-v2","timestamp":"2026-06-09 11:06:02","version":"v2"}
{"category":"whatsapp","level":"info","message":"Archivo eliminado: sender-key-584129954677-1602546532@g.us--230747436790001--0.json","service":"whatsapp-api-v2","timestamp":"2026-06-09 11:06:02","version":"v2"}
{"category":"whatsapp","level":"info","message":"Archivo eliminado: sender-key-584129954677-1602546532@g.us--240990665339075--0.json","service":"whatsapp-api-v2","timestamp":"2026-06-09 11:06:02","version":"v2"}
{"category":"whatsapp","level":"info","message":"Archivo eliminado: sender-key-584129954677-1602546532@g.us--257792577372184--0.json","service":"whatsapp-api-v2","timestamp":"2026-06-09 11:06:02","version":"v2"}
{"category":"whatsapp","level":"info","message":"Archivo eliminado: sender-key-584129954677-1602546532@g.us--268547292926107--0.json","service":"whatsapp-api-v2","timestamp":"2026-06-09 11:06:02","version":"v2"}
{"category":"whatsapp","level":"info","message":"Archivo eliminado: sender-key-584129954677-1602546532@g.us--70149751226401--0.json","service":"whatsapp-api-v2","timestamp":"2026-06-09 11:06:02","version":"v2"}
{"category":"whatsapp","level":"info","message":"Archivo eliminado: sender-key-584143195530-1586660815@g.us--103560318574653--0.json","service":"whatsapp-api-v2","timestamp":"2026-06-09 11:06:02","version":"v2"}
{"category":"whatsapp","level":"info","message":"Archivo eliminado: sender-key-584143195530-1586660815@g.us--104724338577649--0.json","service":"whatsapp-api-v2","timestamp":"2026-06-09 11:06:02","version":"v2"}
{"category":"whatsapp","level":"info","message":"Archivo eliminado: sender-key-584143195530-1586660815@g.us--105286878625817--0.json","service":"whatsapp-api-v2","timestamp":"2026-06-09 11:06:02","version":"v2"}
{"category":"whatsapp","level":"info","message":"Archivo eliminado: sender-key-584143195530-1586660815@g.us--107258352509118--0.json","service":"whatsapp-api-v2","timestamp":"2026-06-09 11:06:02","version":"v2"}
{"category":"whatsapp","level":"info","message":"Archivo eliminado: sender-key-584143195530-1586660815@g.us--107541702926437--0.json","service":"whatsapp-api-v2","timestamp":"2026-06-09 11:06:02","version":"v2"}
{"category":"whatsapp","level":"info","message":"Archivo eliminado: sender-key-584143195530-1586660815@g.us--10827646144679--0.json","service":"whatsapp-api-v2","timestamp":"2026-06-09 11:06:02","version":"v2"}
{"category":"whatsapp","level":"info","message":"Archivo eliminado: sender-key-584143195530-1586660815@g.us--10862106558689--0.json","service":"whatsapp-api-v2","timestamp":"2026-06-09 11:06:02","version":"v2"}
{"category":"whatsapp","level":"info","message":"Archivo eliminado: sender-key-584143195530-1586660815@g.us--108692871630946--0.json","service":"whatsapp-api-v2","timestamp":"2026-06-09 11:06:02","version":"v2"}
{"category":"whatsapp","level":"info","message":"Archivo eliminado: sender-key-584143195530-1586660815@g.us--110174551458032--0.json","service":"whatsapp-api-v2","timestamp":"2026-06-09 11:06:02","version":"v2"}
{"category":"whatsapp","level":"info","message":"Archivo eliminado: sender-key-584143195530-1586660815@g.us--110350896754891--0.json","service":"whatsapp-api-v2","timestamp":"2026-06-09 11:06:02","version":"v2"}
{"category":"whatsapp","level":"info","message":"Archivo eliminado: sender-key-584143195530-1586660815@g.us--110415036035076--0.json","service":"whatsapp-api-v2","timestamp":"2026-06-09 11:06:02","version":"v2"}
{"category":"whatsapp","level":"info","message":"Archivo eliminado: sender-key-584143195530-1586660815@g.us--1130029428902--0.json","service":"whatsapp-api-v2","timestamp":"2026-06-09 11:06:02","version":"v2"}
{"category":"whatsapp","level":"info","message":"Archivo eliminado: sender-key-584143195530-1586660815@g.us--11502023086089--0.json","service":"whatsapp-api-v2","timestamp":"2026-06-09 11:06:02","version":"v2"}
{"category":"whatsapp","level":"info","message":"Archivo eliminado: sender-key-584143195530-1586660815@g.us--116831767556122--0.json","service":"whatsapp-api-v2","timestamp":"2026-06-09 11:06:02","version":"v2"}
{"category":"whatsapp","level":"info","message":"Archivo eliminado: sender-key-584143195530-1586660815@g.us--118425284280385--0.json","service":"whatsapp-api-v2","timestamp":"2026-06-09 11:06:02","version":"v2"}
{"category":"whatsapp","level":"info","message":"Archivo eliminado: sender-key-584143195530-1586660815@g.us--119155294511209--0.json","service":"whatsapp-api-v2","timestamp":"2026-06-09 11:06:02","version":"v2"}
{"category":"whatsapp","level":"info","message":"Archivo eliminado: sender-key-584143195530-1586660815@g.us--119589589512268--0.json","service":"whatsapp-api-v2","timestamp":"2026-06-09 11:06:02","version":"v2"}
{"category":"whatsapp","level":"info","message":"Archivo eliminado: sender-key-584143195530-1586660815@g.us--119718287511679--0.json","service":"whatsapp-api-v2","timestamp":"2026-06-09 11:06:02","version":"v2"}
{"category":"whatsapp","level":"info","message":"Archivo eliminado: sender-key-584143195530-1586660815@g.us--120448129978424--0.json","service":"whatsapp-api-v2","timestamp":"2026-06-09 11:06:02","version":"v2"}
{"category":"whatsapp","level":"info","message":"Archivo eliminado: sender-key-584143195530-1586660815@g.us--121161144885430--0.json","service":"whatsapp-api-v2","timestamp":"2026-06-09 11:06:02","version":"v2"}
{"category":"whatsapp","level":"info","message":"Archivo eliminado: sender-key-584143195530-1586660815@g.us--121302828462321--0.json","service":"whatsapp-api-v2","timestamp":"2026-06-09 11:06:02","version":"v2"}
{"category":"whatsapp","level":"info","message":"Archivo eliminado: sender-key-584143195530-1586660815@g.us--121500531191968--0.json","service":"whatsapp-api-v2","timestamp":"2026-06-09 11:06:02","version":"v2"}
{"category":"whatsapp","level":"info","message":"Archivo eliminado: sender-key-584143195530-1586660815@g.us--125224200736820--0.json","service":"whatsapp-api-v2","timestamp":"2026-06-09 11:06:02","version":"v2"}
{"category":"whatsapp","level":"info","message":"Archivo eliminado: sender-key-584143195530-1586660815@g.us--125503423930390--0.json","service":"whatsapp-api-v2","timestamp":"2026-06-09 11:06:02","version":"v2"}
{"category":"whatsapp","level":"info","message":"Archivo eliminado: sender-key-584143195530-1586660815@g.us--126453165379627--0.json","service":"whatsapp-api-v2","timestamp":"2026-06-09 11:06:02","version":"v2"}
{"category":"whatsapp","level":"info","message":"Archivo eliminado: sender-key-584143195530-1586660815@g.us--12734712258768--0.json","service":"whatsapp-api-v2","timestamp":"2026-06-09 11:06:02","version":"v2"}
{"category":"whatsapp","level":"info","message":"Archivo eliminado: sender-key-584143195530-1586660815@g.us--12734712258768--5.json","service":"whatsapp-api-v2","timestamp":"2026-06-09 11:06:02","version":"v2"}
{"category":"whatsapp","level":"info","message":"Archivo eliminado: sender-key-584143195530-1586660815@g.us--127930281775296--0.json","service":"whatsapp-api-v2","timestamp":"2026-06-09 11:06:02","version":"v2"}
{"category":"whatsapp","level":"info","message":"Archivo eliminado: sender-key-584143195530-1586660815@g.us--128307869778024--0.json","service":"whatsapp-api-v2","timestamp":"2026-06-09 11:06:02","version":"v2"}
{"category":"whatsapp","level":"info","message":"Archivo eliminado: sender-key-584143195530-1586660815@g.us--128849169911962--0.json","service":"whatsapp-api-v2","timestamp":"2026-06-09 11:06:02","version":"v2"}
{"category":"whatsapp","level":"info","message":"Archivo eliminado: sender-key-584143195530-1586660815@g.us--131284366020727--0.json","service":"whatsapp-api-v2","timestamp":"2026-06-09 11:06:02","version":"v2"}
{"category":"whatsapp","level":"info","message":"Archivo eliminado: sender-key-584143195530-1586660815@g.us--131718224855142--0.json","service":"whatsapp-api-v2","timestamp":"2026-06-09 11:06:02","version":"v2"}
{"category":"whatsapp","level":"info","message":"Archivo eliminado: sender-key-584143195530-1586660815@g.us--132018738323614--0.json","service":"whatsapp-api-v2","timestamp":"2026-06-09 11:06:02","version":"v2"}
{"category":"whatsapp","level":"info","message":"Archivo eliminado: sender-key-584143195530-1586660815@g.us--132594263949444--0.json","service":"whatsapp-api-v2","timestamp":"2026-06-09 11:06:02","version":"v2"}
{"category":"whatsapp","level":"info","message":"Archivo eliminado: sender-key-584143195530-1586660815@g.us--134217895805003--0.json","service":"whatsapp-api-v2","timestamp":"2026-06-09 11:06:02","version":"v2"}
{"category":"whatsapp","level":"info","message":"Archivo eliminado: sender-key-584143195530-1586660815@g.us--134273713619192--0.json","service":"whatsapp-api-v2","timestamp":"2026-06-09 11:06:02","version":"v2"}
{"category":"whatsapp","level":"info","message":"Archivo eliminado: sender-key-584143195530-1586660815@g.us--135811244793873--0.json","service":"whatsapp-api-v2","timestamp":"2026-06-09 11:06:02","version":"v2"}
{"category":"whatsapp","level":"info","message":"Archivo eliminado: sender-key-584143195530-1586660815@g.us--137323056492550--0.json","service":"whatsapp-api-v2","timestamp":"2026-06-09 11:06:02","version":"v2"}
{"category":"whatsapp","level":"info","message":"Archivo eliminado: sender-key-584143195530-1586660815@g.us--138001946550380--0.json","service":"whatsapp-api-v2","timestamp":"2026-06-09 11:06:02","version":"v2"}
{"category":"whatsapp","level":"info","message":"Archivo eliminado: sender-key-584143195530-1586660815@g.us--138371045314713--0.json","service":"whatsapp-api-v2","timestamp":"2026-06-09 11:06:02","version":"v2"}
{"category":"whatsapp","level":"info","message":"Archivo eliminado: sender-key-584143195530-1586660815@g.us--138753398014109--0.json","service":"whatsapp-api-v2","timestamp":"2026-06-09 11:06:02","version":"v2"}
{"category":"whatsapp","level":"info","message":"Archivo eliminado: sender-key-584143195530-1586660815@g.us--139822777807029--0.json","service":"whatsapp-api-v2","timestamp":"2026-06-09 11:06:02","version":"v2"}
{"category":"whatsapp","level":"info","message":"Archivo eliminado: sender-key-584143195530-1586660815@g.us--140514284335122--0.json","service":"whatsapp-api-v2","timestamp":"2026-06-09 11:06:02","version":"v2"}
{"category":"whatsapp","level":"info","message":"Archivo eliminado: sender-key-584143195530-1586660815@g.us--141313584443554--0.json","service":"whatsapp-api-v2","timestamp":"2026-06-09 11:06:02","version":"v2"}
{"category":"whatsapp","level":"info","message":"Archivo eliminado: sender-key-584143195530-1586660815@g.us--142176403103980--0.json","service":"whatsapp-api-v2","timestamp":"2026-06-09 11:06:02","version":"v2"}
{"category":"whatsapp","level":"info","message":"Archivo eliminado: sender-key-584143195530-1586660815@g.us--142537079685263--0.json","service":"whatsapp-api-v2","timestamp":"2026-06-09 11:06:02","version":"v2"}
{"category":"whatsapp","level":"info","message":"Archivo eliminado: sender-key-584143195530-1586660815@g.us--143023031767262--0.json","service":"whatsapp-api-v2","timestamp":"2026-06-09 11:06:02","version":"v2"}
{"category":"whatsapp","level":"info","message":"Archivo eliminado: sender-key-584143195530-1586660815@g.us--144018843394189--0.json","service":"whatsapp-api-v2","timestamp":"2026-06-09 11:06:02","version":"v2"}
{"category":"whatsapp","level":"info","message":"Archivo eliminado: sender-key-584143195530-1586660815@g.us--144886527463654--0.json","service":"whatsapp-api-v2","timestamp":"2026-06-09 11:06:02","version":"v2"}
{"category":"whatsapp","level":"info","message":"Archivo eliminado: sender-key-584143195530-1586660815@g.us--145453379240176--0.json","service":"whatsapp-api-v2","timestamp":"2026-06-09 11:06:02","version":"v2"}
{"category":"whatsapp","level":"info","message":"Archivo eliminado: sender-key-584143195530-1586660815@g.us--145913309835322--0.json","service":"whatsapp-api-v2","timestamp":"2026-06-09 11:06:02","version":"v2"}
{"category":"whatsapp","level":"info","message":"Archivo eliminado: sender-key-584143195530-1586660815@g.us--148477539565750--0.json","service":"whatsapp-api-v2","timestamp":"2026-06-09 11:06:02","version":"v2"}
{"category":"whatsapp","level":"info","message":"Archivo eliminado: sender-key-584143195530-1586660815@g.us--148648985931826--0.json","service":"whatsapp-api-v2","timestamp":"2026-06-09 11:06:02","version":"v2"}
{"category":"whatsapp","level":"info","message":"Archivo eliminado: sender-key-584143195530-1586660815@g.us--149817116389532--0.json","service":"whatsapp-api-v2","timestamp":"2026-06-09 11:06:02","version":"v2"}
{"category":"whatsapp","level":"info","message":"Archivo eliminado: sender-key-584143195530-1586660815@g.us--15449383256185--0.json","service":"whatsapp-api-v2","timestamp":"2026-06-09 11:06:02","version":"v2"}
{"category":"whatsapp","level":"info","message":"Archivo eliminado: sender-key-584143195530-1586660815@g.us--154936784453804--0.json","service":"whatsapp-api-v2","timestamp":"2026-06-09 11:06:02","version":"v2"}
{"category":"whatsapp","level":"info","message":"Archivo eliminado: sender-key-584143195530-1586660815@g.us--155469410775191--0.json","service":"whatsapp-api-v2","timestamp":"2026-06-09 11:06:02","version":"v2"}
{"category":"whatsapp","level":"info","message":"Archivo eliminado: sender-key-584143195530-1586660815@g.us--156319864590463--0.json","service":"whatsapp-api-v2","timestamp":"2026-06-09 11:06:02","version":"v2"}
{"category":"whatsapp","level":"info","message":"Archivo eliminado: sender-key-584143195530-1586660815@g.us--156719112040600--0.json","service":"whatsapp-api-v2","timestamp":"2026-06-09 11:06:02","version":"v2"}
{"category":"whatsapp","level":"info","message":"Archivo eliminado: sender-key-584143195530-1586660815@g.us--16071868305480--0.json","service":"whatsapp-api-v2","timestamp":"2026-06-09 11:06:02","version":"v2"}
{"category":"whatsapp","level":"info","message":"Archivo eliminado: sender-key-584143195530-1586660815@g.us--161302026649688--0.json","service":"whatsapp-api-v2","timestamp":"2026-06-09 11:06:02","version":"v2"}
{"category":"whatsapp","level":"info","message":"Archivo eliminado: sender-key-584143195530-1586660815@g.us--16179192148040--0.json","service":"whatsapp-api-v2","timestamp":"2026-06-09 11:06:02","version":"v2"}
{"category":"whatsapp","level":"info","message":"Archivo eliminado: sender-key-584143195530-1586660815@g.us--162543540641991--0.json","service":"whatsapp-api-v2","timestamp":"2026-06-09 11:06:02","version":"v2"}
{"category":"whatsapp","level":"info","message":"Archivo eliminado: sender-key-584143195530-1586660815@g.us--162783656194286--0.json","service":"whatsapp-api-v2","timestamp":"2026-06-09 11:06:02","version":"v2"}
{"category":"whatsapp","level":"info","message":"Archivo eliminado: sender-key-584143195530-1586660815@g.us--163930328576189--0.json","service":"whatsapp-api-v2","timestamp":"2026-06-09 11:06:02","version":"v2"}
{"category":"whatsapp","level":"info","message":"Archivo eliminado: sender-key-584143195530-1586660815@g.us--164737899864317--0.json","service":"whatsapp-api-v2","timestamp":"2026-06-09 11:06:02","version":"v2"}
{"category":"whatsapp","level":"info","message":"Archivo eliminado: sender-key-584143195530-1586660815@g.us--164737899864317--6.json","service":"whatsapp-api-v2","timestamp":"2026-06-09 11:06:02","version":"v2"}
{"category":"whatsapp","level":"info","message":"Archivo eliminado: sender-key-584143195530-1586660815@g.us--164737899864317--7.json","service":"whatsapp-api-v2","timestamp":"2026-06-09 11:06:02","version":"v2"}
{"category":"whatsapp","level":"info","message":"Archivo eliminado: sender-key-584143195530-1586660815@g.us--169213188665459--0.json","service":"whatsapp-api-v2","timestamp":"2026-06-09 11:06:02","version":"v2"}
{"category":"whatsapp","level":"info","message":"Archivo eliminado: sender-key-584143195530-1586660815@g.us--171012863840325--0.json","service":"whatsapp-api-v2","timestamp":"2026-06-09 11:06:02","version":"v2"}
{"category":"whatsapp","level":"info","message":"Archivo eliminado: sender-key-584143195530-1586660815@g.us--171124482691076--0.json","service":"whatsapp-api-v2","timestamp":"2026-06-09 11:06:02","version":"v2"}
{"category":"whatsapp","level":"info","message":"Archivo eliminado: sender-key-584143195530-1586660815@g.us--173701429510327--0.json","service":"whatsapp-api-v2","timestamp":"2026-06-09 11:06:02","version":"v2"}
{"category":"whatsapp","level":"info","message":"Archivo eliminado: sender-key-584143195530-1586660815@g.us--175127425761406--0.json","service":"whatsapp-api-v2","timestamp":"2026-06-09 11:06:02","version":"v2"}
{"category":"whatsapp","level":"info","message":"Archivo eliminado: sender-key-584143195530-1586660815@g.us--176914132111608--0.json","service":"whatsapp-api-v2","timestamp":"2026-06-09 11:06:02","version":"v2"}
{"category":"whatsapp","level":"info","message":"Archivo eliminado: sender-key-584143195530-1586660815@g.us--179388050059305--0.json","service":"whatsapp-api-v2","timestamp":"2026-06-09 11:06:02","version":"v2"}
{"category":"whatsapp","level":"info","message":"Archivo eliminado: sender-key-584143195530-1586660815@g.us--179538306842655--0.json","service":"whatsapp-api-v2","timestamp":"2026-06-09 11:06:02","version":"v2"}
{"category":"whatsapp","level":"info","message":"Archivo eliminado: sender-key-584143195530-1586660815@g.us--181239197745340--0.json","service":"whatsapp-api-v2","timestamp":"2026-06-09 11:06:02","version":"v2"}
{"category":"whatsapp","level":"info","message":"Archivo eliminado: sender-key-584143195530-1586660815@g.us--181672955883522--0.json","service":"whatsapp-api-v2","timestamp":"2026-06-09 11:06:02","version":"v2"}
{"category":"whatsapp","level":"info","message":"Archivo eliminado: sender-key-584143195530-1586660815@g.us--182755203797187--0.json","service":"whatsapp-api-v2","timestamp":"2026-06-09 11:06:02","version":"v2"}
{"category":"whatsapp","level":"info","message":"Archivo eliminado: sender-key-584143195530-1586660815@g.us--18335416737952--0.json","service":"whatsapp-api-v2","timestamp":"2026-06-09 11:06:02","version":"v2"}
{"category":"whatsapp","level":"info","message":"Archivo eliminado: sender-key-584143195530-1586660815@g.us--18597208440849--0.json","service":"whatsapp-api-v2","timestamp":"2026-06-09 11:06:02","version":"v2"}
{"category":"whatsapp","level":"info","message":"Archivo eliminado: sender-key-584143195530-1586660815@g.us--188325893812286--0.json","service":"whatsapp-api-v2","timestamp":"2026-06-09 11:06:02","version":"v2"}
{"category":"whatsapp","level":"info","message":"Archivo eliminado: sender-key-584143195530-1586660815@g.us--189309323857986--0.json","service":"whatsapp-api-v2","timestamp":"2026-06-09 11:06:02","version":"v2"}
{"category":"whatsapp","level":"info","message":"Archivo eliminado: sender-key-584143195530-1586660815@g.us--189554204135672--0.json","service":"whatsapp-api-v2","timestamp":"2026-06-09 11:06:02","version":"v2"}
{"category":"whatsapp","level":"info","message":"Archivo eliminado: sender-key-584143195530-1586660815@g.us--189652921241712--0.json","service":"whatsapp-api-v2","timestamp":"2026-06-09 11:06:02","version":"v2"}
{"category":"whatsapp","level":"info","message":"Archivo eliminado: sender-key-584143195530-1586660815@g.us--189889228316799--0.json","service":"whatsapp-api-v2","timestamp":"2026-06-09 11:06:02","version":"v2"}
{"category":"whatsapp","level":"info","message":"Archivo eliminado: sender-key-584143195530-1586660815@g.us--190216233062559--0.json","service":"whatsapp-api-v2","timestamp":"2026-06-09 11:06:02","version":"v2"}
{"category":"whatsapp","level":"info","message":"Archivo eliminado: sender-key-584143195530-1586660815@g.us--192475234869491--0.json","service":"whatsapp-api-v2","timestamp":"2026-06-09 11:06:02","version":"v2"}
{"category":"whatsapp","level":"info","message":"Archivo eliminado: sender-key-584143195530-1586660815@g.us--195640223084762--0.json","service":"whatsapp-api-v2","timestamp":"2026-06-09 11:06:02","version":"v2"}
{"category":"whatsapp","level":"info","message":"Archivo eliminado: sender-key-584143195530-1586660815@g.us--19589798842523--0.json","service":"whatsapp-api-v2","timestamp":"2026-06-09 11:06:02","version":"v2"}
{"category":"whatsapp","level":"info","message":"Archivo eliminado: sender-key-584143195530-1586660815@g.us--195987964452907--0.json","service":"whatsapp-api-v2","timestamp":"2026-06-09 11:06:02","version":"v2"}
{"category":"whatsapp","level":"info","message":"Archivo eliminado: sender-key-584143195530-1586660815@g.us--197341063676066--0.json","service":"whatsapp-api-v2","timestamp":"2026-06-09 11:06:02","version":"v2"}
{"category":"whatsapp","level":"info","message":"Archivo eliminado: sender-key-584143195530-1586660815@g.us--201279364177963--0.json","service":"whatsapp-api-v2","timestamp":"2026-06-09 11:06:02","version":"v2"}
{"category":"whatsapp","level":"info","message":"Archivo eliminado: sender-key-584143195530-1586660815@g.us--201287970861251--0.json","service":"whatsapp-api-v2","timestamp":"2026-06-09 11:06:02","version":"v2"}
{"category":"whatsapp","level":"info","message":"Archivo eliminado: sender-key-584143195530-1586660815@g.us--201537213173812--0.json","service":"whatsapp-api-v2","timestamp":"2026-06-09 11:06:02","version":"v2"}
{"category":"whatsapp","level":"info","message":"Archivo eliminado: sender-key-584143195530-1586660815@g.us--204247304011848--0.json","service":"whatsapp-api-v2","timestamp":"2026-06-09 11:06:02","version":"v2"}
{"category":"whatsapp","level":"info","message":"Archivo eliminado: sender-key-584143195530-1586660815@g.us--204565081227346--0.json","service":"whatsapp-api-v2","timestamp":"2026-06-09 11:06:02","version":"v2"}
{"category":"whatsapp","level":"info","message":"Archivo eliminado: sender-key-584143195530-1586660815@g.us--205428302573675--0.json","service":"whatsapp-api-v2","timestamp":"2026-06-09 11:06:02","version":"v2"}
{"category":"whatsapp","level":"info","message":"Archivo eliminado: sender-key-584143195530-1586660815@g.us--20612269490275--0.json","service":"whatsapp-api-v2","timestamp":"2026-06-09 11:06:02","version":"v2"}
{"category":"whatsapp","level":"info","message":"Archivo eliminado: sender-key-584143195530-1586660815@g.us--20796449771628--0.json","service":"whatsapp-api-v2","timestamp":"2026-06-09 11:06:02","version":"v2"}
{"category":"whatsapp","level":"info","message":"Archivo eliminado: sender-key-584143195530-1586660815@g.us--208314671562980--0.json","service":"whatsapp-api-v2","timestamp":"2026-06-09 11:06:02","version":"v2"}
{"category":"whatsapp","level":"info","message":"Archivo eliminado: sender-key-584143195530-1586660815@g.us--209547159429199--0.json","service":"whatsapp-api-v2","timestamp":"2026-06-09 11:06:02","version":"v2"}
{"category":"whatsapp","level":"info","message":"Archivo eliminado: sender-key-584143195530-1586660815@g.us--210165701824640--0.json","service":"whatsapp-api-v2","timestamp":"2026-06-09 11:06:02","version":"v2"}
{"category":"whatsapp","level":"info","message":"Archivo eliminado: sender-key-584143195530-1586660815@g.us--21054030348414--0.json","service":"whatsapp-api-v2","timestamp":"2026-06-09 11:06:02","version":"v2"}
{"category":"whatsapp","level":"info","message":"Archivo eliminado: sender-key-584143195530-1586660815@g.us--210659623079982--0.json","service":"whatsapp-api-v2","timestamp":"2026-06-09 11:06:02","version":"v2"}
{"category":"whatsapp","level":"info","message":"Archivo eliminado: sender-key-584143195530-1586660815@g.us--213159663108195--0.json","service":"whatsapp-api-v2","timestamp":"2026-06-09 11:06:02","version":"v2"}
{"category":"whatsapp","level":"info","message":"Archivo eliminado: sender-key-584143195530-1586660815@g.us--213232979558488--0.json","service":"whatsapp-api-v2","timestamp":"2026-06-09 11:06:02","version":"v2"}
{"category":"whatsapp","level":"info","message":"Archivo eliminado: sender-key-584143195530-1586660815@g.us--214151364374679--0.json","service":"whatsapp-api-v2","timestamp":"2026-06-09 11:06:02","version":"v2"}
{"category":"whatsapp","level":"info","message":"Archivo eliminado: sender-key-584143195530-1586660815@g.us--214288971120763--0.json","service":"whatsapp-api-v2","timestamp":"2026-06-09 11:06:02","version":"v2"}
{"category":"whatsapp","level":"info","message":"Archivo eliminado: sender-key-584143195530-1586660815@g.us--21509246599376--0.json","service":"whatsapp-api-v2","timestamp":"2026-06-09 11:06:02","version":"v2"}
{"category":"whatsapp","level":"info","message":"Archivo eliminado: sender-key-584143195530-1586660815@g.us--219653318164727--0.json","service":"whatsapp-api-v2","timestamp":"2026-06-09 11:06:02","version":"v2"}
{"category":"whatsapp","level":"info","message":"Archivo eliminado: sender-key-584143195530-1586660815@g.us--220173009195158--0.json","service":"whatsapp-api-v2","timestamp":"2026-06-09 11:06:02","version":"v2"}
{"category":"whatsapp","level":"info","message":"Archivo eliminado: sender-key-584143195530-1586660815@g.us--220830072086723--0.json","service":"whatsapp-api-v2","timestamp":"2026-06-09 11:06:02","version":"v2"}
{"category":"whatsapp","level":"info","message":"Archivo eliminado: sender-key-584143195530-1586660815@g.us--221376086589473--0.json","service":"whatsapp-api-v2","timestamp":"2026-06-09 11:06:02","version":"v2"}
{"category":"whatsapp","level":"info","message":"Archivo eliminado: sender-key-584143195530-1586660815@g.us--221526024556726--0.json","service":"whatsapp-api-v2","timestamp":"2026-06-09 11:06:02","version":"v2"}
{"category":"whatsapp","level":"info","message":"Archivo eliminado: sender-key-584143195530-1586660815@g.us--221646166192171--0.json","service":"whatsapp-api-v2","timestamp":"2026-06-09 11:06:02","version":"v2"}
{"category":"whatsapp","level":"info","message":"Archivo eliminado: sender-key-584143195530-1586660815@g.us--224833031958592--0.json","service":"whatsapp-api-v2","timestamp":"2026-06-09 11:06:02","version":"v2"}
{"category":"whatsapp","level":"info","message":"Archivo eliminado: sender-key-584143195530-1586660815@g.us--225357017915608--0.json","service":"whatsapp-api-v2","timestamp":"2026-06-09 11:06:02","version":"v2"}
{"category":"whatsapp","level":"info","message":"Archivo eliminado: sender-key-584143195530-1586660815@g.us--226152023121921--0.json","service":"whatsapp-api-v2","timestamp":"2026-06-09 11:06:02","version":"v2"}
{"category":"whatsapp","level":"info","message":"Archivo eliminado: sender-key-584143195530-1586660815@g.us--226323352039487--0.json","service":"whatsapp-api-v2","timestamp":"2026-06-09 11:06:03","version":"v2"}
{"category":"whatsapp","level":"info","message":"Archivo eliminado: sender-key-584143195530-1586660815@g.us--22694758228102--0.json","service":"whatsapp-api-v2","timestamp":"2026-06-09 11:06:03","version":"v2"}
{"category":"whatsapp","level":"info","message":"Archivo eliminado: sender-key-584143195530-1586660815@g.us--22712156172332--0.json","service":"whatsapp-api-v2","timestamp":"2026-06-09 11:06:03","version":"v2"}
{"category":"whatsapp","level":"info","message":"Archivo eliminado: sender-key-584143195530-1586660815@g.us--227332803551344--0.json","service":"whatsapp-api-v2","timestamp":"2026-06-09 11:06:03","version":"v2"}
{"category":"whatsapp","level":"info","message":"Archivo eliminado: sender-key-584143195530-1586660815@g.us--228363444686949--0.json","service":"whatsapp-api-v2","timestamp":"2026-06-09 11:06:03","version":"v2"}
{"category":"whatsapp","level":"info","message":"Archivo eliminado: sender-key-584143195530-1586660815@g.us--229154171682837--0.json","service":"whatsapp-api-v2","timestamp":"2026-06-09 11:06:03","version":"v2"}
{"category":"whatsapp","level":"info","message":"Archivo eliminado: sender-key-584143195530-1586660815@g.us--230257659539627--0.json","service":"whatsapp-api-v2","timestamp":"2026-06-09 11:06:03","version":"v2"}
{"category":"whatsapp","level":"info","message":"Archivo eliminado: sender-key-584143195530-1586660815@g.us--232031346802781--0.json","service":"whatsapp-api-v2","timestamp":"2026-06-09 11:06:03","version":"v2"}
{"category":"whatsapp","level":"info","message":"Archivo eliminado: sender-key-584143195530-1586660815@g.us--232138737741962--0.json","service":"whatsapp-api-v2","timestamp":"2026-06-09 11:06:03","version":"v2"}
{"category":"whatsapp","level":"info","message":"Archivo eliminado: sender-key-584143195530-1586660815@g.us--232993419464719--0.json","service":"whatsapp-api-v2","timestamp":"2026-06-09 11:06:03","version":"v2"}
{"category":"whatsapp","level":"info","message":"Archivo eliminado: sender-key-584143195530-1586660815@g.us--23403394285578--0.json","service":"whatsapp-api-v2","timestamp":"2026-06-09 11:06:03","version":"v2"}
{"category":"whatsapp","level":"info","message":"Archivo eliminado: sender-key-584143195530-1586660815@g.us--234299223720038--0.json","service":"whatsapp-api-v2","timestamp":"2026-06-09 11:06:03","version":"v2"}
{"category":"whatsapp","level":"info","message":"Archivo eliminado: sender-key-584143195530-1586660815@g.us--234427972079826--0.json","service":"whatsapp-api-v2","timestamp":"2026-06-09 11:06:03","version":"v2"}
{"category":"whatsapp","level":"info","message":"Archivo eliminado: sender-key-584143195530-1586660815@g.us--234745816428661--0.json","service":"whatsapp-api-v2","timestamp":"2026-06-09 11:06:03","version":"v2"}
{"category":"whatsapp","level":"info","message":"Archivo eliminado: sender-key-584143195530-1586660815@g.us--23527948329127--0.json","service":"whatsapp-api-v2","timestamp":"2026-06-09 11:06:03","version":"v2"}
{"category":"whatsapp","level":"info","message":"Archivo eliminado: sender-key-584143195530-1586660815@g.us--235437255864422--0.json","service":"whatsapp-api-v2","timestamp":"2026-06-09 11:06:03","version":"v2"}
{"category":"whatsapp","level":"info","message":"Archivo eliminado: sender-key-584143195530-1586660815@g.us--236992034029592--0.json","service":"whatsapp-api-v2","timestamp":"2026-06-09 11:06:03","version":"v2"}
{"category":"whatsapp","level":"info","message":"Archivo eliminado: sender-key-584143195530-1586660815@g.us--238692908171269--0.json","service":"whatsapp-api-v2","timestamp":"2026-06-09 11:06:03","version":"v2"}
{"category":"whatsapp","level":"info","message":"Archivo eliminado: sender-key-584143195530-1586660815@g.us--240179386282019--0.json","service":"whatsapp-api-v2","timestamp":"2026-06-09 11:06:03","version":"v2"}
{"category":"whatsapp","level":"info","message":"Archivo eliminado: sender-key-584143195530-1586660815@g.us--241072336834602--0.json","service":"whatsapp-api-v2","timestamp":"2026-06-09 11:06:03","version":"v2"}
{"category":"whatsapp","level":"info","message":"Archivo eliminado: sender-key-584143195530-1586660815@g.us--241948644372513--0.json","service":"whatsapp-api-v2","timestamp":"2026-06-09 11:06:03","version":"v2"}
{"category":"whatsapp","level":"info","message":"Archivo eliminado: sender-key-584143195530-1586660815@g.us--242846141550757--0.json","service":"whatsapp-api-v2","timestamp":"2026-06-09 11:06:03","version":"v2"}
{"category":"whatsapp","level":"info","message":"Archivo eliminado: sender-key-584143195530-1586660815@g.us--244095943483425--0.json","service":"whatsapp-api-v2","timestamp":"2026-06-09 11:06:03","version":"v2"}
{"category":"whatsapp","level":"info","message":"Archivo eliminado: sender-key-584143195530-1586660815@g.us--244701517086886--0.json","service":"whatsapp-api-v2","timestamp":"2026-06-09 11:06:03","version":"v2"}
{"category":"whatsapp","level":"info","message":"Archivo eliminado: sender-key-584143195530-1586660815@g.us--247291499827312--0.json","service":"whatsapp-api-v2","timestamp":"2026-06-09 11:06:03","version":"v2"}
{"category":"whatsapp","level":"info","message":"Archivo eliminado: sender-key-584143195530-1586660815@g.us--251036811964462--0.json","service":"whatsapp-api-v2","timestamp":"2026-06-09 11:06:03","version":"v2"}
{"category":"whatsapp","level":"info","message":"Archivo eliminado: sender-key-584143195530-1586660815@g.us--251870387904646--0.json","service":"whatsapp-api-v2","timestamp":"2026-06-09 11:06:03","version":"v2"}
{"category":"whatsapp","level":"info","message":"Archivo eliminado: sender-key-584143195530-1586660815@g.us--252054484287496--0.json","service":"whatsapp-api-v2","timestamp":"2026-06-09 11:06:03","version":"v2"}
{"category":"whatsapp","level":"info","message":"Archivo eliminado: sender-key-584143195530-1586660815@g.us--252707369705549--0.json","service":"whatsapp-api-v2","timestamp":"2026-06-09 11:06:03","version":"v2"}
{"category":"whatsapp","level":"info","message":"Archivo eliminado: sender-key-584143195530-1586660815@g.us--254154907857041--0.json","service":"whatsapp-api-v2","timestamp":"2026-06-09 11:06:03","version":"v2"}
{"category":"whatsapp","level":"info","message":"Archivo eliminado: sender-key-584143195530-1586660815@g.us--254876344946739--0.json","service":"whatsapp-api-v2","timestamp":"2026-06-09 11:06:03","version":"v2"}
{"category":"whatsapp","level":"info","message":"Archivo eliminado: sender-key-584143195530-1586660815@g.us--25499774529621--0.json","service":"whatsapp-api-v2","timestamp":"2026-06-09 11:06:03","version":"v2"}
{"category":"whatsapp","level":"info","message":"Archivo eliminado: sender-key-584143195530-1586660815@g.us--256074590461968--0.json","service":"whatsapp-api-v2","timestamp":"2026-06-09 11:06:03","version":"v2"}
{"category":"whatsapp","level":"info","message":"Archivo eliminado: sender-key-584143195530-1586660815@g.us--258436889632920--0.json","service":"whatsapp-api-v2","timestamp":"2026-06-09 11:06:03","version":"v2"}
{"category":"whatsapp","level":"info","message":"Archivo eliminado: sender-key-584143195530-1586660815@g.us--260339576926331--0.json","service":"whatsapp-api-v2","timestamp":"2026-06-09 11:06:03","version":"v2"}
{"category":"whatsapp","level":"info","message":"Archivo eliminado: sender-key-584143195530-1586660815@g.us--262886945501193--0.json","service":"whatsapp-api-v2","timestamp":"2026-06-09 11:06:03","version":"v2"}
{"category":"whatsapp","level":"info","message":"Archivo eliminado: sender-key-584143195530-1586660815@g.us--263337380175933--0.json","service":"whatsapp-api-v2","timestamp":"2026-06-09 11:06:03","version":"v2"}
{"category":"whatsapp","level":"info","message":"Archivo eliminado: sender-key-584143195530-1586660815@g.us--265059729174596--0.json","service":"whatsapp-api-v2","timestamp":"2026-06-09 11:06:03","version":"v2"}
{"category":"whatsapp","level":"info","message":"Archivo eliminado: sender-key-584143195530-1586660815@g.us--266812142915802--0.json","service":"whatsapp-api-v2","timestamp":"2026-06-09 11:06:03","version":"v2"}
{"category":"whatsapp","level":"info","message":"Archivo eliminado: sender-key-584143195530-1586660815@g.us--267271687675933--0.json","service":"whatsapp-api-v2","timestamp":"2026-06-09 11:06:03","version":"v2"}
{"category":"whatsapp","level":"info","message":"Archivo eliminado: sender-key-584143195530-1586660815@g.us--267400486359260--0.json","service":"whatsapp-api-v2","timestamp":"2026-06-09 11:06:03","version":"v2"}
{"category":"whatsapp","level":"info","message":"Archivo eliminado: sender-key-584143195530-1586660815@g.us--268379772436663--0.json","service":"whatsapp-api-v2","timestamp":"2026-06-09 11:06:03","version":"v2"}
{"category":"whatsapp","level":"info","message":"Archivo eliminado: sender-key-584143195530-1586660815@g.us--268547292926107--0.json","service":"whatsapp-api-v2","timestamp":"2026-06-09 11:06:03","version":"v2"}
{"category":"whatsapp","level":"info","message":"Archivo eliminado: sender-key-584143195530-1586660815@g.us--268577525473349--0.json","service":"whatsapp-api-v2","timestamp":"2026-06-09 11:06:03","version":"v2"}
{"category":"whatsapp","level":"info","message":"Archivo eliminado: sender-key-584143195530-1586660815@g.us--268641782247455--0.json","service":"whatsapp-api-v2","timestamp":"2026-06-09 11:06:03","version":"v2"}
{"category":"whatsapp","level":"info","message":"Archivo eliminado: sender-key-584143195530-1586660815@g.us--270630905745446--0.json","service":"whatsapp-api-v2","timestamp":"2026-06-09 11:06:03","version":"v2"}
{"category":"whatsapp","level":"info","message":"Archivo eliminado: sender-key-584143195530-1586660815@g.us--271351889789017--0.json","service":"whatsapp-api-v2","timestamp":"2026-06-09 11:06:03","version":"v2"}
{"category":"whatsapp","level":"info","message":"Archivo eliminado: sender-key-584143195530-1586660815@g.us--271850307325998--0.json","service":"whatsapp-api-v2","timestamp":"2026-06-09 11:06:03","version":"v2"}
{"category":"whatsapp","level":"info","message":"Archivo eliminado: sender-key-584143195530-1586660815@g.us--272923881431045--0.json","service":"whatsapp-api-v2","timestamp":"2026-06-09 11:06:03","version":"v2"}
{"category":"whatsapp","level":"info","message":"Archivo eliminado: sender-key-584143195530-1586660815@g.us--273082744860689--0.json","service":"whatsapp-api-v2","timestamp":"2026-06-09 11:06:03","version":"v2"}
{"category":"whatsapp","level":"info","message":"Archivo eliminado: sender-key-584143195530-1586660815@g.us--27771325677697--0.json","service":"whatsapp-api-v2","timestamp":"2026-06-09 11:06:03","version":"v2"}
{"category":"whatsapp","level":"info","message":"Archivo eliminado: sender-key-584143195530-1586660815@g.us--278812180918510--0.json","service":"whatsapp-api-v2","timestamp":"2026-06-09 11:06:03","version":"v2"}
{"category":"whatsapp","level":"info","message":"Archivo eliminado: sender-key-584143195530-1586660815@g.us--280568923222109--0.json","service":"whatsapp-api-v2","timestamp":"2026-06-09 11:06:03","version":"v2"}
{"category":"whatsapp","level":"info","message":"Archivo eliminado: sender-key-584143195530-1586660815@g.us--28059155578894--0.json","service":"whatsapp-api-v2","timestamp":"2026-06-09 11:06:03","version":"v2"}
{"category":"whatsapp","level":"info","message":"Archivo eliminado: sender-key-584143195530-1586660815@g.us--29119911862363--0.json","service":"whatsapp-api-v2","timestamp":"2026-06-09 11:06:03","version":"v2"}
{"category":"whatsapp","level":"info","message":"Archivo eliminado: sender-key-584143195530-1586660815@g.us--29725837787240--0.json","service":"whatsapp-api-v2","timestamp":"2026-06-09 11:06:03","version":"v2"}
{"category":"whatsapp","level":"info","message":"Archivo eliminado: sender-key-584143195530-1586660815@g.us--29742950551730--0.json","service":"whatsapp-api-v2","timestamp":"2026-06-09 11:06:03","version":"v2"}
{"category":"whatsapp","level":"info","message":"Archivo eliminado: sender-key-584143195530-1586660815@g.us--30528862462106--0.json","service":"whatsapp-api-v2","timestamp":"2026-06-09 11:06:03","version":"v2"}
{"category":"whatsapp","level":"info","message":"Archivo eliminado: sender-key-584143195530-1586660815@g.us--31022683017259--0.json","service":"whatsapp-api-v2","timestamp":"2026-06-09 11:06:03","version":"v2"}
{"category":"whatsapp","level":"info","message":"Archivo eliminado: sender-key-584143195530-1586660815@g.us--31155759915121--0.json","service":"whatsapp-api-v2","timestamp":"2026-06-09 11:06:03","version":"v2"}
{"category":"whatsapp","level":"info","message":"Archivo eliminado: sender-key-584143195530-1586660815@g.us--31387621023975--0.json","service":"whatsapp-api-v2","timestamp":"2026-06-09 11:06:03","version":"v2"}
{"category":"whatsapp","level":"info","message":"Archivo eliminado: sender-key-584143195530-1586660815@g.us--31963180204194--0.json","service":"whatsapp-api-v2","timestamp":"2026-06-09 11:06:03","version":"v2"}
{"category":"whatsapp","level":"info","message":"Archivo eliminado: sender-key-584143195530-1586660815@g.us--31963800928393--0.json","service":"whatsapp-api-v2","timestamp":"2026-06-09 11:06:03","version":"v2"}
{"category":"whatsapp","level":"info","message":"Archivo eliminado: sender-key-584143195530-1586660815@g.us--32899449503768--0.json","service":"whatsapp-api-v2","timestamp":"2026-06-09 11:06:03","version":"v2"}
{"category":"whatsapp","level":"info","message":"Archivo eliminado: sender-key-584143195530-1586660815@g.us--33225984491591--0.json","service":"whatsapp-api-v2","timestamp":"2026-06-09 11:06:03","version":"v2"}
{"category":"whatsapp","level":"info","message":"Archivo eliminado: sender-key-584143195530-1586660815@g.us--33685495672868--0.json","service":"whatsapp-api-v2","timestamp":"2026-06-09 11:06:03","version":"v2"}
{"category":"whatsapp","level":"info","message":"Archivo eliminado: sender-key-584143195530-1586660815@g.us--34505817636873--0.json","service":"whatsapp-api-v2","timestamp":"2026-06-09 11:06:03","version":"v2"}
{"category":"whatsapp","level":"info","message":"Archivo eliminado: sender-key-584143195530-1586660815@g.us--35898007748785--0.json","service":"whatsapp-api-v2","timestamp":"2026-06-09 11:06:03","version":"v2"}
{"category":"whatsapp","level":"info","message":"Archivo eliminado: sender-key-584143195530-1586660815@g.us--37280517496913--0.json","service":"whatsapp-api-v2","timestamp":"2026-06-09 11:06:03","version":"v2"}
{"category":"whatsapp","level":"info","message":"Archivo eliminado: sender-key-584143195530-1586660815@g.us--37555546358006--0.json","service":"whatsapp-api-v2","timestamp":"2026-06-09 11:06:03","version":"v2"}
{"category":"whatsapp","level":"info","message":"Archivo eliminado: sender-key-584143195530-1586660815@g.us--3861427290238--0.json","service":"whatsapp-api-v2","timestamp":"2026-06-09 11:06:03","version":"v2"}
{"category":"whatsapp","level":"info","message":"Archivo eliminado: sender-key-584143195530-1586660815@g.us--3921456148539--0.json","service":"whatsapp-api-v2","timestamp":"2026-06-09 11:06:03","version":"v2"}
{"category":"whatsapp","level":"info","message":"Archivo eliminado: sender-key-584143195530-1586660815@g.us--4209202221150--0.json","service":"whatsapp-api-v2","timestamp":"2026-06-09 11:06:03","version":"v2"}
{"category":"whatsapp","level":"info","message":"Archivo eliminado: sender-key-584143195530-1586660815@g.us--42868253184087--0.json","service":"whatsapp-api-v2","timestamp":"2026-06-09 11:06:03","version":"v2"}
{"category":"whatsapp","level":"info","message":"Archivo eliminado: sender-key-584143195530-1586660815@g.us--43349272748099--0.json","service":"whatsapp-api-v2","timestamp":"2026-06-09 11:06:03","version":"v2"}
{"category":"whatsapp","level":"info","message":"Archivo eliminado: sender-key-584143195530-1586660815@g.us--43362275086486--0.json","service":"whatsapp-api-v2","timestamp":"2026-06-09 11:06:03","version":"v2"}
{"category":"whatsapp","level":"info","message":"Archivo eliminado: sender-key-584143195530-1586660815@g.us--43452368740370--0.json","service":"whatsapp-api-v2","timestamp":"2026-06-09 11:06:03","version":"v2"}
{"category":"whatsapp","level":"info","message":"Archivo eliminado: sender-key-584143195530-1586660815@g.us--43950501052573--0.json","service":"whatsapp-api-v2","timestamp":"2026-06-09 11:06:03","version":"v2"}
{"category":"whatsapp","level":"info","message":"Archivo eliminado: sender-key-584143195530-1586660815@g.us--43976220475473--0.json","service":"whatsapp-api-v2","timestamp":"2026-06-09 11:06:03","version":"v2"}
{"category":"whatsapp","level":"info","message":"Archivo eliminado: sender-key-584143195530-1586660815@g.us--47021637562486--0.json","service":"whatsapp-api-v2","timestamp":"2026-06-09 11:06:03","version":"v2"}
{"category":"whatsapp","level":"info","message":"Archivo eliminado: sender-key-584143195530-1586660815@g.us--48138144469168--0.json","service":"whatsapp-api-v2","timestamp":"2026-06-09 11:06:03","version":"v2"}
{"category":"whatsapp","level":"info","message":"Archivo eliminado: sender-key-584143195530-1586660815@g.us--49082986930359--0.json","service":"whatsapp-api-v2","timestamp":"2026-06-09 11:06:03","version":"v2"}
{"category":"whatsapp","level":"info","message":"Archivo eliminado: sender-key-584143195530-1586660815@g.us--4922317750390--0.json","service":"whatsapp-api-v2","timestamp":"2026-06-09 11:06:03","version":"v2"}
{"category":"whatsapp","level":"info","message":"Archivo eliminado: sender-key-584143195530-1586660815@g.us--49585766539309--0.json","service":"whatsapp-api-v2","timestamp":"2026-06-09 11:06:03","version":"v2"}
{"category":"whatsapp","level":"info","message":"Archivo eliminado: sender-key-584143195530-1586660815@g.us--51397957533730--0.json","service":"whatsapp-api-v2","timestamp":"2026-06-09 11:06:03","version":"v2"}
{"category":"whatsapp","level":"info","message":"Archivo eliminado: sender-key-584143195530-1586660815@g.us--51535346163927--0.json","service":"whatsapp-api-v2","timestamp":"2026-06-09 11:06:03","version":"v2"}
{"category":"whatsapp","level":"info","message":"Archivo eliminado: sender-key-584143195530-1586660815@g.us--51956252958943--0.json","service":"whatsapp-api-v2","timestamp":"2026-06-09 11:06:03","version":"v2"}
{"category":"whatsapp","level":"info","message":"Archivo eliminado: sender-key-584143195530-1586660815@g.us--52687118856210--0.json","service":"whatsapp-api-v2","timestamp":"2026-06-09 11:06:03","version":"v2"}
{"category":"whatsapp","level":"info","message":"Archivo eliminado: sender-key-584143195530-1586660815@g.us--53141781389417--0.json","service":"whatsapp-api-v2","timestamp":"2026-06-09 11:06:03","version":"v2"}
{"category":"whatsapp","level":"info","message":"Archivo eliminado: sender-key-584143195530-1586660815@g.us--53579834470602--0.json","service":"whatsapp-api-v2","timestamp":"2026-06-09 11:06:03","version":"v2"}
{"category":"whatsapp","level":"info","message":"Archivo eliminado: sender-key-584143195530-1586660815@g.us--53936752984287--0.json","service":"whatsapp-api-v2","timestamp":"2026-06-09 11:06:03","version":"v2"}
{"category":"whatsapp","level":"info","message":"Archivo eliminado: sender-key-584143195530-1586660815@g.us--54421681610930--0.json","service":"whatsapp-api-v2","timestamp":"2026-06-09 11:06:03","version":"v2"}
{"category":"whatsapp","level":"info","message":"Archivo eliminado: sender-key-584143195530-1586660815@g.us--54799521300728--0.json","service":"whatsapp-api-v2","timestamp":"2026-06-09 11:06:03","version":"v2"}
{"category":"whatsapp","level":"info","message":"Archivo eliminado: sender-key-584143195530-1586660815@g.us--55190447222962--0.json","service":"whatsapp-api-v2","timestamp":"2026-06-09 11:06:03","version":"v2"}
{"category":"whatsapp","level":"info","message":"Archivo eliminado: sender-key-584143195530-1586660815@g.us--55190447222962--8.json","service":"whatsapp-api-v2","timestamp":"2026-06-09 11:06:03","version":"v2"}
{"category":"whatsapp","level":"info","message":"Archivo eliminado: sender-key-584143195530-1586660815@g.us--55787716108530--0.json","service":"whatsapp-api-v2","timestamp":"2026-06-09 11:06:03","version":"v2"}
{"category":"whatsapp","level":"info","message":"Archivo eliminado: sender-key-584143195530-1586660815@g.us--56225584656548--0.json","service":"whatsapp-api-v2","timestamp":"2026-06-09 11:06:03","version":"v2"}
{"category":"whatsapp","level":"info","message":"Archivo eliminado: sender-key-584143195530-1586660815@g.us--57861967225013--0.json","service":"whatsapp-api-v2","timestamp":"2026-06-09 11:06:03","version":"v2"}
{"category":"whatsapp","level":"info","message":"Archivo eliminado: sender-key-584143195530-1586660815@g.us--58866939248693--0.json","service":"whatsapp-api-v2","timestamp":"2026-06-09 11:06:03","version":"v2"}
{"category":"whatsapp","level":"info","message":"Archivo eliminado: sender-key-584143195530-1586660815@g.us--5940124352613--0.json","service":"whatsapp-api-v2","timestamp":"2026-06-09 11:06:03","version":"v2"}
{"category":"whatsapp","level":"info","message":"Archivo eliminado: sender-key-584143195530-1586660815@g.us--61598488109310--0.json","service":"whatsapp-api-v2","timestamp":"2026-06-09 11:06:03","version":"v2"}
{"category":"whatsapp","level":"info","message":"Archivo eliminado: sender-key-584143195530-1586660815@g.us--61864994164911--0.json","service":"whatsapp-api-v2","timestamp":"2026-06-09 11:06:03","version":"v2"}
{"category":"whatsapp","level":"info","message":"Archivo eliminado: sender-key-584143195530-1586660815@g.us--62736637677641--0.json","service":"whatsapp-api-v2","timestamp":"2026-06-09 11:06:03","version":"v2"}
{"category":"whatsapp","level":"info","message":"Archivo eliminado: sender-key-584143195530-1586660815@g.us--64738125959305--0.json","service":"whatsapp-api-v2","timestamp":"2026-06-09 11:06:03","version":"v2"}
{"category":"whatsapp","level":"info","message":"Archivo eliminado: sender-key-584143195530-1586660815@g.us--65043186110519--0.json","service":"whatsapp-api-v2","timestamp":"2026-06-09 11:06:03","version":"v2"}
{"category":"whatsapp","level":"info","message":"Archivo eliminado: sender-key-584143195530-1586660815@g.us--65605692592352--0.json","service":"whatsapp-api-v2","timestamp":"2026-06-09 11:06:03","version":"v2"}
{"category":"whatsapp","level":"info","message":"Archivo eliminado: sender-key-584143195530-1586660815@g.us--65760412041224--0.json","service":"whatsapp-api-v2","timestamp":"2026-06-09 11:06:03","version":"v2"}
{"category":"whatsapp","level":"info","message":"Archivo eliminado: sender-key-584143195530-1586660815@g.us--66280354766979--0.json","service":"whatsapp-api-v2","timestamp":"2026-06-09 11:06:03","version":"v2"}
{"category":"whatsapp","level":"info","message":"Archivo eliminado: sender-key-584143195530-1586660815@g.us--68715349573757--0.json","service":"whatsapp-api-v2","timestamp":"2026-06-09 11:06:03","version":"v2"}
{"category":"whatsapp","level":"info","message":"Archivo eliminado: sender-key-584143195530-1586660815@g.us--68719493550147--0.json","service":"whatsapp-api-v2","timestamp":"2026-06-09 11:06:03","version":"v2"}
{"category":"whatsapp","level":"info","message":"Archivo eliminado: sender-key-584143195530-1586660815@g.us--69058930184224--0.json","service":"whatsapp-api-v2","timestamp":"2026-06-09 11:06:03","version":"v2"}
{"category":"whatsapp","level":"info","message":"Archivo eliminado: sender-key-584143195530-1586660815@g.us--69179340288142--0.json","service":"whatsapp-api-v2","timestamp":"2026-06-09 11:06:03","version":"v2"}
{"category":"whatsapp","level":"info","message":"Archivo eliminado: sender-key-584143195530-1586660815@g.us--69282218123366--0.json","service":"whatsapp-api-v2","timestamp":"2026-06-09 11:06:03","version":"v2"}
{"category":"whatsapp","level":"info","message":"Archivo eliminado: sender-key-584143195530-1586660815@g.us--70575657623724--0.json","service":"whatsapp-api-v2","timestamp":"2026-06-09 11:06:03","version":"v2"}
{"category":"whatsapp","level":"info","message":"Archivo eliminado: sender-key-584143195530-1586660815@g.us--71618646810655--0.json","service":"whatsapp-api-v2","timestamp":"2026-06-09 11:06:03","version":"v2"}
{"category":"whatsapp","level":"info","message":"Archivo eliminado: sender-key-584143195530-1586660815@g.us--72164208312547--0.json","service":"whatsapp-api-v2","timestamp":"2026-06-09 11:06:03","version":"v2"}
{"category":"whatsapp","level":"info","message":"Archivo eliminado: sender-key-584143195530-1586660815@g.us--72426184556732--0.json","service":"whatsapp-api-v2","timestamp":"2026-06-09 11:06:03","version":"v2"}
{"category":"whatsapp","level":"info","message":"Archivo eliminado: sender-key-584143195530-1586660815@g.us--72920005124179--0.json","service":"whatsapp-api-v2","timestamp":"2026-06-09 11:06:03","version":"v2"}
{"category":"whatsapp","level":"info","message":"Archivo eliminado: sender-key-584143195530-1586660815@g.us--75058932371492--0.json","service":"whatsapp-api-v2","timestamp":"2026-06-09 11:06:03","version":"v2"}
{"category":"whatsapp","level":"info","message":"Archivo eliminado: sender-key-584143195530-1586660815@g.us--76154551664723--0.json","service":"whatsapp-api-v2","timestamp":"2026-06-09 11:06:03","version":"v2"}
{"category":"whatsapp","level":"info","message":"Archivo eliminado: sender-key-584143195530-1586660815@g.us--76626511544416--0.json","service":"whatsapp-api-v2","timestamp":"2026-06-09 11:06:03","version":"v2"}
{"category":"whatsapp","level":"info","message":"Archivo eliminado: sender-key-584143195530-1586660815@g.us--7821169045648--0.json","service":"whatsapp-api-v2","timestamp":"2026-06-09 11:06:03","version":"v2"}
{"category":"whatsapp","level":"info","message":"Archivo eliminado: sender-key-584143195530-1586660815@g.us--7821169045648--4.json","service":"whatsapp-api-v2","timestamp":"2026-06-09 11:06:03","version":"v2"}
{"category":"whatsapp","level":"info","message":"Archivo eliminado: sender-key-584143195530-1586660815@g.us--78589512945863--0.json","service":"whatsapp-api-v2","timestamp":"2026-06-09 11:06:03","version":"v2"}
{"category":"whatsapp","level":"info","message":"Archivo eliminado: sender-key-584143195530-1586660815@g.us--80569677402175--0.json","service":"whatsapp-api-v2","timestamp":"2026-06-09 11:06:03","version":"v2"}
{"category":"whatsapp","level":"info","message":"Archivo eliminado: sender-key-584143195530-1586660815@g.us--80947684896847--0.json","service":"whatsapp-api-v2","timestamp":"2026-06-09 11:06:03","version":"v2"}
{"category":"whatsapp","level":"info","message":"Archivo eliminado: sender-key-584143195530-1586660815@g.us--81441388027966--0.json","service":"whatsapp-api-v2","timestamp":"2026-06-09 11:06:03","version":"v2"}
{"category":"whatsapp","level":"info","message":"Archivo eliminado: sender-key-584143195530-1586660815@g.us--83829238825028--0.json","service":"whatsapp-api-v2","timestamp":"2026-06-09 11:06:03","version":"v2"}
{"category":"whatsapp","level":"info","message":"Archivo eliminado: sender-key-584143195530-1586660815@g.us--84379581820960--0.json","service":"whatsapp-api-v2","timestamp":"2026-06-09 11:06:03","version":"v2"}
{"category":"whatsapp","level":"info","message":"Archivo eliminado: sender-key-584143195530-1586660815@g.us--84722726260802--0.json","service":"whatsapp-api-v2","timestamp":"2026-06-09 11:06:03","version":"v2"}
{"category":"whatsapp","level":"info","message":"Archivo eliminado: sender-key-584143195530-1586660815@g.us--84791445737543--0.json","service":"whatsapp-api-v2","timestamp":"2026-06-09 11:06:03","version":"v2"}
{"category":"whatsapp","level":"info","message":"Archivo eliminado: sender-key-584143195530-1586660815@g.us--85499964309515--0.json","service":"whatsapp-api-v2","timestamp":"2026-06-09 11:06:03","version":"v2"}
{"category":"whatsapp","level":"info","message":"Archivo eliminado: sender-key-584143195530-1586660815@g.us--86603938717945--0.json","service":"whatsapp-api-v2","timestamp":"2026-06-09 11:06:03","version":"v2"}
{"category":"whatsapp","level":"info","message":"Archivo eliminado: sender-key-584143195530-1586660815@g.us--88721290485780--0.json","service":"whatsapp-api-v2","timestamp":"2026-06-09 11:06:03","version":"v2"}
{"category":"whatsapp","level":"info","message":"Archivo eliminado: sender-key-584143195530-1586660815@g.us--92440866385999--0.json","service":"whatsapp-api-v2","timestamp":"2026-06-09 11:06:03","version":"v2"}
{"category":"whatsapp","level":"info","message":"Archivo eliminado: sender-key-584143195530-1586660815@g.us--92518091894984--0.json","service":"whatsapp-api-v2","timestamp":"2026-06-09 11:06:03","version":"v2"}
{"category":"whatsapp","level":"info","message":"Archivo eliminado: sender-key-584143195530-1586660815@g.us--92608252661860--0.json","service":"whatsapp-api-v2","timestamp":"2026-06-09 11:06:03","version":"v2"}
{"category":"whatsapp","level":"info","message":"Archivo eliminado: sender-key-584143195530-1586660815@g.us--93484325298213--0.json","service":"whatsapp-api-v2","timestamp":"2026-06-09 11:06:03","version":"v2"}
{"category":"whatsapp","level":"info","message":"Archivo eliminado: sender-key-584143195530-1586660815@g.us--93609013588184--0.json","service":"whatsapp-api-v2","timestamp":"2026-06-09 11:06:03","version":"v2"}
{"category":"whatsapp","level":"info","message":"Archivo eliminado: sender-key-584143195530-1586660815@g.us--94605513089255--0.json","service":"whatsapp-api-v2","timestamp":"2026-06-09 11:06:03","version":"v2"}
{"category":"whatsapp","level":"info","message":"Archivo eliminado: sender-key-584143195530-1586660815@g.us--94648311803998--0.json","service":"whatsapp-api-v2","timestamp":"2026-06-09 11:06:03","version":"v2"}
{"category":"whatsapp","level":"info","message":"Archivo eliminado: sender-key-584143195530-1586660815@g.us--95008988340407--0.json","service":"whatsapp-api-v2","timestamp":"2026-06-09 11:06:03","version":"v2"}
{"category":"whatsapp","level":"info","message":"Archivo eliminado: sender-key-584143195530-1586660815@g.us--95515777753130--0.json","service":"whatsapp-api-v2","timestamp":"2026-06-09 11:06:03","version":"v2"}
{"category":"whatsapp","level":"info","message":"Archivo eliminado: sender-key-584143195530-1586660815@g.us--9698187194576--0.json","service":"whatsapp-api-v2","timestamp":"2026-06-09 11:06:03","version":"v2"}
{"category":"whatsapp","level":"info","message":"Archivo eliminado: sender-key-584143195530-1586660815@g.us--98080024178719--0.json","service":"whatsapp-api-v2","timestamp":"2026-06-09 11:06:03","version":"v2"}
{"category":"whatsapp","level":"info","message":"Archivo eliminado: sender-key-584143195530-1586660815@g.us--99686560071781--0.json","service":"whatsapp-api-v2","timestamp":"2026-06-09 11:06:03","version":"v2"}
{"category":"whatsapp","level":"info","message":"Archivo eliminado: sender-key-584143771197-1490496235@g.us--128849169911962--0.json","service":"whatsapp-api-v2","timestamp":"2026-06-09 11:06:03","version":"v2"}
{"category":"whatsapp","level":"info","message":"Archivo eliminado: sender-key-status@broadcast--101000702644256--0.json","service":"whatsapp-api-v2","timestamp":"2026-06-09 11:06:03","version":"v2"}
{"category":"whatsapp","level":"info","message":"Archivo eliminado: sender-key-status@broadcast--104629765443812--0.json","service":"whatsapp-api-v2","timestamp":"2026-06-09 11:06:03","version":"v2"}
{"category":"whatsapp","level":"info","message":"Archivo eliminado: sender-key-status@broadcast--104724338577649--1.json","service":"whatsapp-api-v2","timestamp":"2026-06-09 11:06:03","version":"v2"}
{"category":"whatsapp","level":"info","message":"Archivo eliminado: sender-key-status@broadcast--104964823216355--0.json","service":"whatsapp-api-v2","timestamp":"2026-06-09 11:06:03","version":"v2"}
{"category":"whatsapp","level":"info","message":"Archivo eliminado: sender-key-status@broadcast--107872851628198--0.json","service":"whatsapp-api-v2","timestamp":"2026-06-09 11:06:03","version":"v2"}
{"category":"whatsapp","level":"info","message":"Archivo eliminado: sender-key-status@broadcast--110191865499750--0.json","service":"whatsapp-api-v2","timestamp":"2026-06-09 11:06:03","version":"v2"}
{"category":"whatsapp","level":"info","message":"Archivo eliminado: sender-key-status@broadcast--111570415804663--0.json","service":"whatsapp-api-v2","timestamp":"2026-06-09 11:06:03","version":"v2"}
{"category":"whatsapp","level":"info","message":"Archivo eliminado: sender-key-status@broadcast--114933375205433--0.json","service":"whatsapp-api-v2","timestamp":"2026-06-09 11:06:03","version":"v2"}
{"category":"whatsapp","level":"info","message":"Archivo eliminado: sender-key-status@broadcast--116032836497445--0.json","service":"whatsapp-api-v2","timestamp":"2026-06-09 11:06:03","version":"v2"}
{"category":"whatsapp","level":"info","message":"Archivo eliminado: sender-key-status@broadcast--118335022858301--0.json","service":"whatsapp-api-v2","timestamp":"2026-06-09 11:06:03","version":"v2"}
{"category":"whatsapp","level":"info","message":"Archivo eliminado: sender-key-status@broadcast--118425284280385--0.json","service":"whatsapp-api-v2","timestamp":"2026-06-09 11:06:03","version":"v2"}
{"category":"whatsapp","level":"info","message":"Archivo eliminado: sender-key-status@broadcast--120697238114376--0.json","service":"whatsapp-api-v2","timestamp":"2026-06-09 11:06:03","version":"v2"}
{"category":"whatsapp","level":"info","message":"Archivo eliminado: sender-key-status@broadcast--121161144885430--0.json","service":"whatsapp-api-v2","timestamp":"2026-06-09 11:06:03","version":"v2"}
{"category":"whatsapp","level":"info","message":"Archivo eliminado: sender-key-status@broadcast--121302828462321--0.json","service":"whatsapp-api-v2","timestamp":"2026-06-09 11:06:03","version":"v2"}
{"category":"whatsapp","level":"info","message":"Archivo eliminado: sender-key-status@broadcast--122032989720779--0.json","service":"whatsapp-api-v2","timestamp":"2026-06-09 11:06:03","version":"v2"}
{"category":"whatsapp","level":"info","message":"Archivo eliminado: sender-key-status@broadcast--12215038021699--13.json","service":"whatsapp-api-v2","timestamp":"2026-06-09 11:06:03","version":"v2"}
{"category":"whatsapp","level":"info","message":"Archivo eliminado: sender-key-status@broadcast--12215038021699--9.json","service":"whatsapp-api-v2","timestamp":"2026-06-09 11:06:03","version":"v2"}
{"category":"whatsapp","level":"info","message":"Archivo eliminado: sender-key-status@broadcast--125245960802535--0.json","service":"whatsapp-api-v2","timestamp":"2026-06-09 11:06:03","version":"v2"}
{"category":"whatsapp","level":"info","message":"Archivo eliminado: sender-key-status@broadcast--12640105570326--0.json","service":"whatsapp-api-v2","timestamp":"2026-06-09 11:06:03","version":"v2"}
{"category":"whatsapp","level":"info","message":"Archivo eliminado: sender-key-status@broadcast--12734712258768--0.json","service":"whatsapp-api-v2","timestamp":"2026-06-09 11:06:03","version":"v2"}
{"category":"whatsapp","level":"info","message":"Archivo eliminado: sender-key-status@broadcast--130313753731152--0.json","service":"whatsapp-api-v2","timestamp":"2026-06-09 11:06:03","version":"v2"}
{"category":"whatsapp","level":"info","message":"Archivo eliminado: sender-key-status@broadcast--131284366020727--0.json","service":"whatsapp-api-v2","timestamp":"2026-06-09 11:06:03","version":"v2"}
{"category":"whatsapp","level":"info","message":"Archivo eliminado: sender-key-status@broadcast--132018738323614--0.json","service":"whatsapp-api-v2","timestamp":"2026-06-09 11:06:03","version":"v2"}
{"category":"whatsapp","level":"info","message":"Archivo eliminado: sender-key-status@broadcast--133938672566383--0.json","service":"whatsapp-api-v2","timestamp":"2026-06-09 11:06:03","version":"v2"}
{"category":"whatsapp","level":"info","message":"Archivo eliminado: sender-key-status@broadcast--134999579873516--0.json","service":"whatsapp-api-v2","timestamp":"2026-06-09 11:06:03","version":"v2"}
{"category":"whatsapp","level":"info","message":"Archivo eliminado: sender-key-status@broadcast--137726749896796--0.json","service":"whatsapp-api-v2","timestamp":"2026-06-09 11:06:03","version":"v2"}
{"category":"whatsapp","level":"info","message":"Archivo eliminado: sender-key-status@broadcast--138053502943427--0.json","service":"whatsapp-api-v2","timestamp":"2026-06-09 11:06:03","version":"v2"}
{"category":"whatsapp","level":"info","message":"Archivo eliminado: sender-key-status@broadcast--138371045314713--0.json","service":"whatsapp-api-v2","timestamp":"2026-06-09 11:06:03","version":"v2"}
{"category":"whatsapp","level":"info","message":"Archivo eliminado: sender-key-status@broadcast--139938842562624--0.json","service":"whatsapp-api-v2","timestamp":"2026-06-09 11:06:03","version":"v2"}
{"category":"whatsapp","level":"info","message":"Archivo eliminado: sender-key-status@broadcast--140741850460411--0.json","service":"whatsapp-api-v2","timestamp":"2026-06-09 11:06:03","version":"v2"}
{"category":"whatsapp","level":"info","message":"Archivo eliminado: sender-key-status@broadcast--142537079685263--0.json","service":"whatsapp-api-v2","timestamp":"2026-06-09 11:06:03","version":"v2"}
{"category":"whatsapp","level":"info","message":"Archivo eliminado: sender-key-status@broadcast--142575818248292--0.json","service":"whatsapp-api-v2","timestamp":"2026-06-09 11:06:03","version":"v2"}
{"category":"whatsapp","level":"info","message":"Archivo eliminado: sender-key-status@broadcast--143138475757727--0.json","service":"whatsapp-api-v2","timestamp":"2026-06-09 11:06:03","version":"v2"}
{"category":"whatsapp","level":"info","message":"Archivo eliminado: sender-key-status@broadcast--144087579640042--0.json","service":"whatsapp-api-v2","timestamp":"2026-06-09 11:06:03","version":"v2"}
{"category":"whatsapp","level":"info","message":"Archivo eliminado: sender-key-status@broadcast--146836878831695--0.json","service":"whatsapp-api-v2","timestamp":"2026-06-09 11:06:03","version":"v2"}
{"category":"whatsapp","level":"info","message":"Archivo eliminado: sender-key-status@broadcast--148039654199521--0.json","service":"whatsapp-api-v2","timestamp":"2026-06-09 11:06:03","version":"v2"}
{"category":"whatsapp","level":"info","message":"Archivo eliminado: sender-key-status@broadcast--148184961708276--0.json","service":"whatsapp-api-v2","timestamp":"2026-06-09 11:06:03","version":"v2"}
{"category":"whatsapp","level":"info","message":"Archivo eliminado: sender-key-status@broadcast--153519411748961--0.json","service":"whatsapp-api-v2","timestamp":"2026-06-09 11:06:03","version":"v2"}
{"category":"whatsapp","level":"info","message":"Archivo eliminado: sender-key-status@broadcast--155641243004928--0.json","service":"whatsapp-api-v2","timestamp":"2026-06-09 11:06:03","version":"v2"}
{"category":"whatsapp","level":"info","message":"Archivo eliminado: sender-key-status@broadcast--157659894411506--0.json","service":"whatsapp-api-v2","timestamp":"2026-06-09 11:06:03","version":"v2"}
{"category":"whatsapp","level":"info","message":"Archivo eliminado: sender-key-status@broadcast--160296836562959--0.json","service":"whatsapp-api-v2","timestamp":"2026-06-09 11:06:03","version":"v2"}
{"category":"whatsapp","level":"info","message":"Archivo eliminado: sender-key-status@broadcast--163080042508401--0.json","service":"whatsapp-api-v2","timestamp":"2026-06-09 11:06:03","version":"v2"}
{"category":"whatsapp","level":"info","message":"Archivo eliminado: sender-key-status@broadcast--163930328576189--0.json","service":"whatsapp-api-v2","timestamp":"2026-06-09 11:06:03","version":"v2"}
{"category":"whatsapp","level":"info","message":"Archivo eliminado: sender-key-status@broadcast--164737899864317--0.json","service":"whatsapp-api-v2","timestamp":"2026-06-09 11:06:03","version":"v2"}
{"category":"whatsapp","level":"info","message":"Archivo eliminado: sender-key-status@broadcast--166700632772793--0.json","service":"whatsapp-api-v2","timestamp":"2026-06-09 11:06:03","version":"v2"}
{"category":"whatsapp","level":"info","message":"Archivo eliminado: sender-key-status@broadcast--168015094140944--0.json","service":"whatsapp-api-v2","timestamp":"2026-06-09 11:06:03","version":"v2"}
{"category":"whatsapp","level":"info","message":"Archivo eliminado: sender-key-status@broadcast--169294994362590--0.json","service":"whatsapp-api-v2","timestamp":"2026-06-09 11:06:03","version":"v2"}
{"category":"whatsapp","level":"info","message":"Archivo eliminado: sender-key-status@broadcast--171124482691076--0.json","service":"whatsapp-api-v2","timestamp":"2026-06-09 11:06:03","version":"v2"}
{"category":"whatsapp","level":"info","message":"Archivo eliminado: sender-key-status@broadcast--171695881089135--0.json","service":"whatsapp-api-v2","timestamp":"2026-06-09 11:06:03","version":"v2"}
{"category":"whatsapp","level":"info","message":"Archivo eliminado: sender-key-status@broadcast--172958467248326--0.json","service":"whatsapp-api-v2","timestamp":"2026-06-09 11:06:03","version":"v2"}
{"category":"whatsapp","level":"info","message":"Archivo eliminado: sender-key-status@broadcast--173177946824716--0.json","service":"whatsapp-api-v2","timestamp":"2026-06-09 11:06:03","version":"v2"}
{"category":"whatsapp","level":"info","message":"Archivo eliminado: sender-key-status@broadcast--173319160652022--0.json","service":"whatsapp-api-v2","timestamp":"2026-06-09 11:06:03","version":"v2"}
{"category":"whatsapp","level":"info","message":"Archivo eliminado: sender-key-status@broadcast--175127425761406--0.json","service":"whatsapp-api-v2","timestamp":"2026-06-09 11:06:03","version":"v2"}
{"category":"whatsapp","level":"info","message":"Archivo eliminado: sender-key-status@broadcast--175191850275046--0.json","service":"whatsapp-api-v2","timestamp":"2026-06-09 11:06:03","version":"v2"}
{"category":"whatsapp","level":"info","message":"Archivo eliminado: sender-key-status@broadcast--17571046768820--0.json","service":"whatsapp-api-v2","timestamp":"2026-06-09 11:06:03","version":"v2"}
{"category":"whatsapp","level":"info","message":"Archivo eliminado: sender-key-status@broadcast--181672955883522--0.json","service":"whatsapp-api-v2","timestamp":"2026-06-09 11:06:03","version":"v2"}
{"category":"whatsapp","level":"info","message":"Archivo eliminado: sender-key-status@broadcast--182755203797187--0.json","service":"whatsapp-api-v2","timestamp":"2026-06-09 11:06:03","version":"v2"}
{"category":"whatsapp","level":"info","message":"Archivo eliminado: sender-key-status@broadcast--183051573321871--0.json","service":"whatsapp-api-v2","timestamp":"2026-06-09 11:06:03","version":"v2"}
{"category":"whatsapp","level":"info","message":"Archivo eliminado: sender-key-status@broadcast--183258134376548--0.json","service":"whatsapp-api-v2","timestamp":"2026-06-09 11:06:03","version":"v2"}
{"category":"whatsapp","level":"info","message":"Archivo eliminado: sender-key-status@broadcast--185375234478273--0.json","service":"whatsapp-api-v2","timestamp":"2026-06-09 11:06:03","version":"v2"}
{"category":"whatsapp","level":"info","message":"Archivo eliminado: sender-key-status@broadcast--186126836977684--0.json","service":"whatsapp-api-v2","timestamp":"2026-06-09 11:06:03","version":"v2"}
{"category":"whatsapp","level":"info","message":"Archivo eliminado: sender-key-status@broadcast--186852787154965--0.json","service":"whatsapp-api-v2","timestamp":"2026-06-09 11:06:03","version":"v2"}
{"category":"whatsapp","level":"info","message":"Archivo eliminado: sender-key-status@broadcast--188338728349873--0.json","service":"whatsapp-api-v2","timestamp":"2026-06-09 11:06:03","version":"v2"}
{"category":"whatsapp","level":"info","message":"Archivo eliminado: sender-key-status@broadcast--188720946872460--0.json","service":"whatsapp-api-v2","timestamp":"2026-06-09 11:06:03","version":"v2"}
{"category":"whatsapp","level":"info","message":"Archivo eliminado: sender-key-status@broadcast--189000186876152--0.json","service":"whatsapp-api-v2","timestamp":"2026-06-09 11:06:03","version":"v2"}
{"category":"whatsapp","level":"info","message":"Archivo eliminado: sender-key-status@broadcast--189159067111441--0.json","service":"whatsapp-api-v2","timestamp":"2026-06-09 11:06:03","version":"v2"}
{"category":"whatsapp","level":"info","message":"Archivo eliminado: sender-key-status@broadcast--189309323857986--0.json","service":"whatsapp-api-v2","timestamp":"2026-06-09 11:06:03","version":"v2"}
{"category":"whatsapp","level":"info","message":"Archivo eliminado: sender-key-status@broadcast--19229172601012--0.json","service":"whatsapp-api-v2","timestamp":"2026-06-09 11:06:03","version":"v2"}
{"category":"whatsapp","level":"info","message":"Archivo eliminado: sender-key-status@broadcast--192930115485932--0.json","service":"whatsapp-api-v2","timestamp":"2026-06-09 11:06:03","version":"v2"}
{"category":"whatsapp","level":"info","message":"Archivo eliminado: sender-key-status@broadcast--193720372744236--0.json","service":"whatsapp-api-v2","timestamp":"2026-06-09 11:06:03","version":"v2"}
{"category":"whatsapp","level":"info","message":"Archivo eliminado: sender-key-status@broadcast--199999531044928--0.json","service":"whatsapp-api-v2","timestamp":"2026-06-09 11:06:03","version":"v2"}
{"category":"whatsapp","level":"info","message":"Archivo eliminado: sender-key-status@broadcast--200029612548108--0.json","service":"whatsapp-api-v2","timestamp":"2026-06-09 11:06:03","version":"v2"}
{"category":"whatsapp","level":"info","message":"Archivo eliminado: sender-key-status@broadcast--201279364177963--0.json","service":"whatsapp-api-v2","timestamp":"2026-06-09 11:06:03","version":"v2"}
{"category":"whatsapp","level":"info","message":"Archivo eliminado: sender-key-status@broadcast--204079783501951--0.json","service":"whatsapp-api-v2","timestamp":"2026-06-09 11:06:03","version":"v2"}
{"category":"whatsapp","level":"info","message":"Archivo eliminado: sender-key-status@broadcast--206205825851609--0.json","service":"whatsapp-api-v2","timestamp":"2026-06-09 11:06:03","version":"v2"}
{"category":"whatsapp","level":"info","message":"Archivo eliminado: sender-key-status@broadcast--206283152085228--0.json","service":"whatsapp-api-v2","timestamp":"2026-06-09 11:06:03","version":"v2"}
{"category":"whatsapp","level":"info","message":"Archivo eliminado: sender-key-status@broadcast--209474161742079--0.json","service":"whatsapp-api-v2","timestamp":"2026-06-09 11:06:03","version":"v2"}
{"category":"whatsapp","level":"info","message":"Archivo eliminado: sender-key-status@broadcast--214288971120763--0.json","service":"whatsapp-api-v2","timestamp":"2026-06-09 11:06:03","version":"v2"}
{"category":"whatsapp","level":"info","message":"Archivo eliminado: sender-key-status@broadcast--215040607174814--0.json","service":"whatsapp-api-v2","timestamp":"2026-06-09 11:06:03","version":"v2"}
{"category":"whatsapp","level":"info","message":"Archivo eliminado: sender-key-status@broadcast--218532314874084--0.json","service":"whatsapp-api-v2","timestamp":"2026-06-09 11:06:03","version":"v2"}
{"category":"whatsapp","level":"info","message":"Archivo eliminado: sender-key-status@broadcast--220087176982724--0.json","service":"whatsapp-api-v2","timestamp":"2026-06-09 11:06:03","version":"v2"}
{"category":"whatsapp","level":"info","message":"Archivo eliminado: sender-key-status@broadcast--225765123739892--0.json","service":"whatsapp-api-v2","timestamp":"2026-06-09 11:06:03","version":"v2"}
{"category":"whatsapp","level":"info","message":"Archivo eliminado: sender-key-status@broadcast--227182362247302--0.json","service":"whatsapp-api-v2","timestamp":"2026-06-09 11:06:03","version":"v2"}
{"category":"whatsapp","level":"info","message":"Archivo eliminado: sender-key-status@broadcast--227332803551344--0.json","service":"whatsapp-api-v2","timestamp":"2026-06-09 11:06:03","version":"v2"}
{"category":"whatsapp","level":"info","message":"Archivo eliminado: sender-key-status@broadcast--228363444686949--0.json","service":"whatsapp-api-v2","timestamp":"2026-06-09 11:06:03","version":"v2"}
{"category":"whatsapp","level":"info","message":"Archivo eliminado: sender-key-status@broadcast--230352031330376--0.json","service":"whatsapp-api-v2","timestamp":"2026-06-09 11:06:03","version":"v2"}
{"category":"whatsapp","level":"info","message":"Archivo eliminado: sender-key-status@broadcast--232031346802781--0.json","service":"whatsapp-api-v2","timestamp":"2026-06-09 11:06:03","version":"v2"}
{"category":"whatsapp","level":"info","message":"Archivo eliminado: sender-key-status@broadcast--234427972079826--0.json","service":"whatsapp-api-v2","timestamp":"2026-06-09 11:06:03","version":"v2"}
{"category":"whatsapp","level":"info","message":"Archivo eliminado: sender-key-status@broadcast--235407174316146--0.json","service":"whatsapp-api-v2","timestamp":"2026-06-09 11:06:03","version":"v2"}
{"category":"whatsapp","level":"info","message":"Archivo eliminado: sender-key-status@broadcast--235961342517454--0.json","service":"whatsapp-api-v2","timestamp":"2026-06-09 11:06:03","version":"v2"}
{"category":"whatsapp","level":"info","message":"Archivo eliminado: sender-key-status@broadcast--240179386282019--0.json","service":"whatsapp-api-v2","timestamp":"2026-06-09 11:06:03","version":"v2"}
{"category":"whatsapp","level":"info","message":"Archivo eliminado: sender-key-status@broadcast--241686802354398--0.json","service":"whatsapp-api-v2","timestamp":"2026-06-09 11:06:03","version":"v2"}
{"category":"whatsapp","level":"info","message":"Archivo eliminado: sender-key-status@broadcast--24262370959379--0.json","service":"whatsapp-api-v2","timestamp":"2026-06-09 11:06:03","version":"v2"}
{"category":"whatsapp","level":"info","message":"Archivo eliminado: sender-key-status@broadcast--244095943483425--0.json","service":"whatsapp-api-v2","timestamp":"2026-06-09 11:06:03","version":"v2"}
{"category":"whatsapp","level":"info","message":"Archivo eliminado: sender-key-status@broadcast--244259101884554--0.json","service":"whatsapp-api-v2","timestamp":"2026-06-09 11:06:03","version":"v2"}
{"category":"whatsapp","level":"info","message":"Archivo eliminado: sender-key-status@broadcast--244259135447207--0.json","service":"whatsapp-api-v2","timestamp":"2026-06-09 11:06:03","version":"v2"}
{"category":"whatsapp","level":"info","message":"Archivo eliminado: sender-key-status@broadcast--244748879163622--0.json","service":"whatsapp-api-v2","timestamp":"2026-06-09 11:06:03","version":"v2"}
{"category":"whatsapp","level":"info","message":"Archivo eliminado: sender-key-status@broadcast--245513333022862--0.json","service":"whatsapp-api-v2","timestamp":"2026-06-09 11:06:03","version":"v2"}
{"category":"whatsapp","level":"info","message":"Archivo eliminado: sender-key-status@broadcast--246153216053503--0.json","service":"whatsapp-api-v2","timestamp":"2026-06-09 11:06:03","version":"v2"}
{"category":"whatsapp","level":"info","message":"Archivo eliminado: sender-key-status@broadcast--246651499319430--0.json","service":"whatsapp-api-v2","timestamp":"2026-06-09 11:06:03","version":"v2"}
{"category":"whatsapp","level":"info","message":"Archivo eliminado: sender-key-status@broadcast--250714454528077--0.json","service":"whatsapp-api-v2","timestamp":"2026-06-09 11:06:03","version":"v2"}
{"category":"whatsapp","level":"info","message":"Archivo eliminado: sender-key-status@broadcast--25078414762164--0.json","service":"whatsapp-api-v2","timestamp":"2026-06-09 11:06:03","version":"v2"}
{"category":"whatsapp","level":"info","message":"Archivo eliminado: sender-key-status@broadcast--251006495506643--0.json","service":"whatsapp-api-v2","timestamp":"2026-06-09 11:06:03","version":"v2"}
{"category":"whatsapp","level":"info","message":"Archivo eliminado: sender-key-status@broadcast--251006495506643--9.json","service":"whatsapp-api-v2","timestamp":"2026-06-09 11:06:03","version":"v2"}
{"category":"whatsapp","level":"info","message":"Archivo eliminado: sender-key-status@broadcast--251298570096822--0.json","service":"whatsapp-api-v2","timestamp":"2026-06-09 11:06:03","version":"v2"}
{"category":"whatsapp","level":"info","message":"Archivo eliminado: sender-key-status@broadcast--251719510442190--0.json","service":"whatsapp-api-v2","timestamp":"2026-06-09 11:06:03","version":"v2"}
{"category":"whatsapp","level":"info","message":"Archivo eliminado: sender-key-status@broadcast--252707369705549--0.json","service":"whatsapp-api-v2","timestamp":"2026-06-09 11:06:03","version":"v2"}
{"category":"whatsapp","level":"info","message":"Archivo eliminado: sender-key-status@broadcast--253845586374787--0.json","service":"whatsapp-api-v2","timestamp":"2026-06-09 11:06:03","version":"v2"}
{"category":"whatsapp","level":"info","message":"Archivo eliminado: sender-key-status@broadcast--254567191150672--0.json","service":"whatsapp-api-v2","timestamp":"2026-06-09 11:06:03","version":"v2"}
{"category":"whatsapp","level":"info","message":"Archivo eliminado: sender-key-status@broadcast--254747797884953--0.json","service":"whatsapp-api-v2","timestamp":"2026-06-09 11:06:03","version":"v2"}
{"category":"whatsapp","level":"info","message":"Archivo eliminado: sender-key-status@broadcast--255164158054488--0.json","service":"whatsapp-api-v2","timestamp":"2026-06-09 11:06:03","version":"v2"}
{"category":"whatsapp","level":"info","message":"Archivo eliminado: sender-key-status@broadcast--258205313708154--0.json","service":"whatsapp-api-v2","timestamp":"2026-06-09 11:06:03","version":"v2"}
{"category":"whatsapp","level":"info","message":"Archivo eliminado: sender-key-status@broadcast--258900829942003--0.json","service":"whatsapp-api-v2","timestamp":"2026-06-09 11:06:03","version":"v2"}
{"category":"whatsapp","level":"info","message":"Archivo eliminado: sender-key-status@broadcast--259858423091331--0.json","service":"whatsapp-api-v2","timestamp":"2026-06-09 11:06:03","version":"v2"}
{"category":"whatsapp","level":"info","message":"Archivo eliminado: sender-key-status@broadcast--261915930550418--0.json","service":"whatsapp-api-v2","timestamp":"2026-06-09 11:06:03","version":"v2"}
{"category":"whatsapp","level":"info","message":"Archivo eliminado: sender-key-status@broadcast--263105569378308--0.json","service":"whatsapp-api-v2","timestamp":"2026-06-09 11:06:03","version":"v2"}
{"category":"whatsapp","level":"info","message":"Archivo eliminado: sender-key-status@broadcast--265059729174596--0.json","service":"whatsapp-api-v2","timestamp":"2026-06-09 11:06:03","version":"v2"}
{"category":"whatsapp","level":"info","message":"Archivo eliminado: sender-key-status@broadcast--267349148053677--0.json","service":"whatsapp-api-v2","timestamp":"2026-06-09 11:06:03","version":"v2"}
{"category":"whatsapp","level":"info","message":"Archivo eliminado: sender-key-status@broadcast--267349148053677--5.json","service":"whatsapp-api-v2","timestamp":"2026-06-09 11:06:03","version":"v2"}
{"category":"whatsapp","level":"info","message":"Archivo eliminado: sender-key-status@broadcast--267585086042128--0.json","service":"whatsapp-api-v2","timestamp":"2026-06-09 11:06:03","version":"v2"}
{"category":"whatsapp","level":"info","message":"Archivo eliminado: sender-key-status@broadcast--268547292926107--0.json","service":"whatsapp-api-v2","timestamp":"2026-06-09 11:06:03","version":"v2"}
{"category":"whatsapp","level":"info","message":"Archivo eliminado: sender-key-status@broadcast--278137854263431--2.json","service":"whatsapp-api-v2","timestamp":"2026-06-09 11:06:03","version":"v2"}
{"category":"whatsapp","level":"info","message":"Archivo eliminado: sender-key-status@broadcast--280259668775102--0.json","service":"whatsapp-api-v2","timestamp":"2026-06-09 11:06:03","version":"v2"}
{"category":"whatsapp","level":"info","message":"Archivo eliminado: sender-key-status@broadcast--281406475391057--0.json","service":"whatsapp-api-v2","timestamp":"2026-06-09 11:06:03","version":"v2"}
{"category":"whatsapp","level":"info","message":"Archivo eliminado: sender-key-status@broadcast--28381177462829--0.json","service":"whatsapp-api-v2","timestamp":"2026-06-09 11:06:03","version":"v2"}
{"category":"whatsapp","level":"info","message":"Archivo eliminado: sender-key-status@broadcast--29742866673696--0.json","service":"whatsapp-api-v2","timestamp":"2026-06-09 11:06:03","version":"v2"}
{"category":"whatsapp","level":"info","message":"Archivo eliminado: sender-key-status@broadcast--32513003098248--0.json","service":"whatsapp-api-v2","timestamp":"2026-06-09 11:06:03","version":"v2"}
{"category":"whatsapp","level":"info","message":"Archivo eliminado: sender-key-status@broadcast--33225984491591--0.json","service":"whatsapp-api-v2","timestamp":"2026-06-09 11:06:03","version":"v2"}
{"category":"whatsapp","level":"info","message":"Archivo eliminado: sender-key-status@broadcast--3449060126861--0.json","service":"whatsapp-api-v2","timestamp":"2026-06-09 11:06:03","version":"v2"}
{"category":"whatsapp","level":"info","message":"Archivo eliminado: sender-key-status@broadcast--34505817636873--0.json","service":"whatsapp-api-v2","timestamp":"2026-06-09 11:06:03","version":"v2"}
{"category":"whatsapp","level":"info","message":"Archivo eliminado: sender-key-status@broadcast--35287702978773--0.json","service":"whatsapp-api-v2","timestamp":"2026-06-09 11:06:03","version":"v2"}
{"category":"whatsapp","level":"info","message":"Archivo eliminado: sender-key-status@broadcast--36455732748441--0.json","service":"whatsapp-api-v2","timestamp":"2026-06-09 11:06:03","version":"v2"}
{"category":"whatsapp","level":"info","message":"Archivo eliminado: sender-key-status@broadcast--40097898623050--0.json","service":"whatsapp-api-v2","timestamp":"2026-06-09 11:06:03","version":"v2"}
{"category":"whatsapp","level":"info","message":"Archivo eliminado: sender-key-status@broadcast--42692058841290--0.json","service":"whatsapp-api-v2","timestamp":"2026-06-09 11:06:03","version":"v2"}
{"category":"whatsapp","level":"info","message":"Archivo eliminado: sender-key-status@broadcast--43950501052573--0.json","service":"whatsapp-api-v2","timestamp":"2026-06-09 11:06:03","version":"v2"}
{"category":"whatsapp","level":"info","message":"Archivo eliminado: sender-key-status@broadcast--44345638002774--0.json","service":"whatsapp-api-v2","timestamp":"2026-06-09 11:06:03","version":"v2"}
{"category":"whatsapp","level":"info","message":"Archivo eliminado: sender-key-status@broadcast--44435815583980--0.json","service":"whatsapp-api-v2","timestamp":"2026-06-09 11:06:03","version":"v2"}
{"category":"whatsapp","level":"info","message":"Archivo eliminado: sender-key-status@broadcast--46291191091351--0.json","service":"whatsapp-api-v2","timestamp":"2026-06-09 11:06:03","version":"v2"}
{"category":"whatsapp","level":"info","message":"Archivo eliminado: sender-key-status@broadcast--47828923592939--0.json","service":"whatsapp-api-v2","timestamp":"2026-06-09 11:06:03","version":"v2"}
{"category":"whatsapp","level":"info","message":"Archivo eliminado: sender-key-status@broadcast--48138144469168--0.json","service":"whatsapp-api-v2","timestamp":"2026-06-09 11:06:03","version":"v2"}
{"category":"whatsapp","level":"info","message":"Archivo eliminado: sender-key-status@broadcast--51256206835961--0.json","service":"whatsapp-api-v2","timestamp":"2026-06-09 11:06:03","version":"v2"}
{"category":"whatsapp","level":"info","message":"Archivo eliminado: sender-key-status@broadcast--51397957533730--0.json","service":"whatsapp-api-v2","timestamp":"2026-06-09 11:06:03","version":"v2"}
{"category":"whatsapp","level":"info","message":"Archivo eliminado: sender-key-status@broadcast--51561199890629--0.json","service":"whatsapp-api-v2","timestamp":"2026-06-09 11:06:03","version":"v2"}
{"category":"whatsapp","level":"info","message":"Archivo eliminado: sender-key-status@broadcast--53798827487408--0.json","service":"whatsapp-api-v2","timestamp":"2026-06-09 11:06:03","version":"v2"}
{"category":"whatsapp","level":"info","message":"Archivo eliminado: sender-key-status@broadcast--54421681610930--0.json","service":"whatsapp-api-v2","timestamp":"2026-06-09 11:06:03","version":"v2"}
{"category":"whatsapp","level":"info","message":"Archivo eliminado: sender-key-status@broadcast--54799521300728--0.json","service":"whatsapp-api-v2","timestamp":"2026-06-09 11:06:03","version":"v2"}
{"category":"whatsapp","level":"info","message":"Archivo eliminado: sender-key-status@broadcast--55791725879490--0.json","service":"whatsapp-api-v2","timestamp":"2026-06-09 11:06:03","version":"v2"}
{"category":"whatsapp","level":"info","message":"Archivo eliminado: sender-key-status@broadcast--57393866109117--0.json","service":"whatsapp-api-v2","timestamp":"2026-06-09 11:06:03","version":"v2"}
{"category":"whatsapp","level":"info","message":"Archivo eliminado: sender-key-status@broadcast--57497515728937--0.json","service":"whatsapp-api-v2","timestamp":"2026-06-09 11:06:03","version":"v2"}
{"category":"whatsapp","level":"info","message":"Archivo eliminado: sender-key-status@broadcast--61826104582395--0.json","service":"whatsapp-api-v2","timestamp":"2026-06-09 11:06:03","version":"v2"}
{"category":"whatsapp","level":"info","message":"Archivo eliminado: sender-key-status@broadcast--6245067059204--0.json","service":"whatsapp-api-v2","timestamp":"2026-06-09 11:06:03","version":"v2"}
{"category":"whatsapp","level":"info","message":"Archivo eliminado: sender-key-status@broadcast--62642131578988--0.json","service":"whatsapp-api-v2","timestamp":"2026-06-09 11:06:03","version":"v2"}
{"category":"whatsapp","level":"info","message":"Archivo eliminado: sender-key-status@broadcast--63273491763453--0.json","service":"whatsapp-api-v2","timestamp":"2026-06-09 11:06:03","version":"v2"}
{"category":"whatsapp","level":"info","message":"Archivo eliminado: sender-key-status@broadcast--64497691680971--0.json","service":"whatsapp-api-v2","timestamp":"2026-06-09 11:06:03","version":"v2"}
{"category":"whatsapp","level":"info","message":"Archivo eliminado: sender-key-status@broadcast--65043186110519--0.json","service":"whatsapp-api-v2","timestamp":"2026-06-09 11:06:03","version":"v2"}
{"category":"whatsapp","level":"info","message":"Archivo eliminado: sender-key-status@broadcast--72164208312547--0.json","service":"whatsapp-api-v2","timestamp":"2026-06-09 11:06:03","version":"v2"}
{"category":"whatsapp","level":"info","message":"Archivo eliminado: sender-key-status@broadcast--72426184556732--0.json","service":"whatsapp-api-v2","timestamp":"2026-06-09 11:06:03","version":"v2"}
{"category":"whatsapp","level":"info","message":"Archivo eliminado: sender-key-status@broadcast--72490760036369--0.json","service":"whatsapp-api-v2","timestamp":"2026-06-09 11:06:03","version":"v2"}
{"category":"whatsapp","level":"info","message":"Archivo eliminado: sender-key-status@broadcast--72920005124179--0.json","service":"whatsapp-api-v2","timestamp":"2026-06-09 11:06:03","version":"v2"}
{"category":"whatsapp","level":"info","message":"Archivo eliminado: sender-key-status@broadcast--73014628602108--0.json","service":"whatsapp-api-v2","timestamp":"2026-06-09 11:06:03","version":"v2"}
{"category":"whatsapp","level":"info","message":"Archivo eliminado: sender-key-status@broadcast--73388508881070--0.json","service":"whatsapp-api-v2","timestamp":"2026-06-09 11:06:03","version":"v2"}
{"category":"whatsapp","level":"info","message":"Archivo eliminado: sender-key-status@broadcast--74556790321219--0.json","service":"whatsapp-api-v2","timestamp":"2026-06-09 11:06:03","version":"v2"}
{"category":"whatsapp","level":"info","message":"Archivo eliminado: sender-key-status@broadcast--77408631840966--0.json","service":"whatsapp-api-v2","timestamp":"2026-06-09 11:06:03","version":"v2"}
{"category":"whatsapp","level":"info","message":"Archivo eliminado: sender-key-status@broadcast--7851435155487--0.json","service":"whatsapp-api-v2","timestamp":"2026-06-09 11:06:03","version":"v2"}
{"category":"whatsapp","level":"info","message":"Archivo eliminado: sender-key-status@broadcast--81115524116535--0.json","service":"whatsapp-api-v2","timestamp":"2026-06-09 11:06:03","version":"v2"}
{"category":"whatsapp","level":"info","message":"Archivo eliminado: sender-key-status@broadcast--85972461068489--0.json","service":"whatsapp-api-v2","timestamp":"2026-06-09 11:06:03","version":"v2"}
{"category":"whatsapp","level":"info","message":"Archivo eliminado: sender-key-status@broadcast--86904485761133--0.json","service":"whatsapp-api-v2","timestamp":"2026-06-09 11:06:03","version":"v2"}
{"category":"whatsapp","level":"info","message":"Archivo eliminado: sender-key-status@broadcast--88888794210412--0.json","service":"whatsapp-api-v2","timestamp":"2026-06-09 11:06:03","version":"v2"}
{"category":"whatsapp","level":"info","message":"Archivo eliminado: sender-key-status@broadcast--92518091894984--0.json","service":"whatsapp-api-v2","timestamp":"2026-06-09 11:06:03","version":"v2"}
{"category":"whatsapp","level":"info","message":"Archivo eliminado: sender-key-status@broadcast--95618991144964--0.json","service":"whatsapp-api-v2","timestamp":"2026-06-09 11:06:03","version":"v2"}
{"category":"whatsapp","level":"info","message":"Archivo eliminado: sender-key-status@broadcast--95902710685746--0.json","service":"whatsapp-api-v2","timestamp":"2026-06-09 11:06:03","version":"v2"}
{"category":"whatsapp","level":"info","message":"Archivo eliminado: sender-key-status@broadcast--96349018169526--0.json","service":"whatsapp-api-v2","timestamp":"2026-06-09 11:06:03","version":"v2"}
{"category":"whatsapp","level":"info","message":"Archivo eliminado: sender-key-status@broadcast--99111185428568--0.json","service":"whatsapp-api-v2","timestamp":"2026-06-09 11:06:03","version":"v2"}
{"category":"whatsapp","level":"info","message":"Archivo eliminado: sender-key-status@broadcast--99613512048883--0.json","service":"whatsapp-api-v2","timestamp":"2026-06-09 11:06:03","version":"v2"}
{"category":"whatsapp","level":"info","message":"Archivo eliminado: sender-key-status@broadcast--99686392299580--0.json","service":"whatsapp-api-v2","timestamp":"2026-06-09 11:06:03","version":"v2"}
{"category":"whatsapp","level":"info","message":"Archivo eliminado: session-101000702644256.0.json","service":"whatsapp-api-v2","timestamp":"2026-06-09 11:06:03","version":"v2"}
{"category":"whatsapp","level":"info","message":"Archivo eliminado: session-103560318574653.0.json","service":"whatsapp-api-v2","timestamp":"2026-06-09 11:06:03","version":"v2"}
{"category":"whatsapp","level":"info","message":"Archivo eliminado: session-104629765443812.0.json","service":"whatsapp-api-v2","timestamp":"2026-06-09 11:06:03","version":"v2"}
{"category":"whatsapp","level":"info","message":"Archivo eliminado: session-104724338577649.0.json","service":"whatsapp-api-v2","timestamp":"2026-06-09 11:06:03","version":"v2"}
{"category":"whatsapp","level":"info","message":"Archivo eliminado: session-104724338577649.1.json","service":"whatsapp-api-v2","timestamp":"2026-06-09 11:06:03","version":"v2"}
{"category":"whatsapp","level":"info","message":"Archivo eliminado: session-104964823216355.0.json","service":"whatsapp-api-v2","timestamp":"2026-06-09 11:06:03","version":"v2"}
{"category":"whatsapp","level":"info","message":"Archivo eliminado: session-105286878625817.0.json","service":"whatsapp-api-v2","timestamp":"2026-06-09 11:06:03","version":"v2"}
{"category":"whatsapp","level":"info","message":"Archivo eliminado: session-106407865151728.0.json","service":"whatsapp-api-v2","timestamp":"2026-06-09 11:06:03","version":"v2"}
{"category":"whatsapp","level":"info","message":"Archivo eliminado: session-107258352509118.0.json","service":"whatsapp-api-v2","timestamp":"2026-06-09 11:06:03","version":"v2"}
{"category":"whatsapp","level":"info","message":"Archivo eliminado: session-107387134456016.0.json","service":"whatsapp-api-v2","timestamp":"2026-06-09 11:06:03","version":"v2"}
{"category":"whatsapp","level":"info","message":"Archivo eliminado: session-107541702926437.0.json","service":"whatsapp-api-v2","timestamp":"2026-06-09 11:06:03","version":"v2"}
{"category":"whatsapp","level":"info","message":"Archivo eliminado: session-107872851628198.0.json","service":"whatsapp-api-v2","timestamp":"2026-06-09 11:06:03","version":"v2"}
{"category":"whatsapp","level":"info","message":"Archivo eliminado: session-10827646144679.0.json","service":"whatsapp-api-v2","timestamp":"2026-06-09 11:06:03","version":"v2"}
{"category":"whatsapp","level":"info","message":"Archivo eliminado: session-10862106558689.0.json","service":"whatsapp-api-v2","timestamp":"2026-06-09 11:06:03","version":"v2"}
{"category":"whatsapp","level":"info","message":"Archivo eliminado: session-108692871630946.0.json","service":"whatsapp-api-v2","timestamp":"2026-06-09 11:06:03","version":"v2"}
{"category":"whatsapp","level":"info","message":"Archivo eliminado: session-110174551458032.0.json","service":"whatsapp-api-v2","timestamp":"2026-06-09 11:06:03","version":"v2"}
{"category":"whatsapp","level":"info","message":"Archivo eliminado: session-110191865499750.0.json","service":"whatsapp-api-v2","timestamp":"2026-06-09 11:06:03","version":"v2"}
{"category":"whatsapp","level":"info","message":"Archivo eliminado: session-110350896754891.0.json","service":"whatsapp-api-v2","timestamp":"2026-06-09 11:06:03","version":"v2"}
{"category":"whatsapp","level":"info","message":"Archivo eliminado: session-110415036035076.0.json","service":"whatsapp-api-v2","timestamp":"2026-06-09 11:06:03","version":"v2"}
{"category":"whatsapp","level":"info","message":"Archivo eliminado: session-111570415804663.0.json","service":"whatsapp-api-v2","timestamp":"2026-06-09 11:06:03","version":"v2"}
{"category":"whatsapp","level":"info","message":"Archivo eliminado: session-1130029428902.0.json","service":"whatsapp-api-v2","timestamp":"2026-06-09 11:06:03","version":"v2"}
{"category":"whatsapp","level":"info","message":"Archivo eliminado: session-113275786236135.0.json","service":"whatsapp-api-v2","timestamp":"2026-06-09 11:06:03","version":"v2"}
{"category":"whatsapp","level":"info","message":"Archivo eliminado: session-114933375205433.0.json","service":"whatsapp-api-v2","timestamp":"2026-06-09 11:06:03","version":"v2"}
{"category":"whatsapp","level":"info","message":"Archivo eliminado: session-11502023086089.0.json","service":"whatsapp-api-v2","timestamp":"2026-06-09 11:06:03","version":"v2"}
{"category":"whatsapp","level":"info","message":"Archivo eliminado: session-115174044352676.0.json","service":"whatsapp-api-v2","timestamp":"2026-06-09 11:06:03","version":"v2"}
{"category":"whatsapp","level":"info","message":"Archivo eliminado: session-116032836497445.0.json","service":"whatsapp-api-v2","timestamp":"2026-06-09 11:06:03","version":"v2"}
{"category":"whatsapp","level":"info","message":"Archivo eliminado: session-116831767556122.0.json","service":"whatsapp-api-v2","timestamp":"2026-06-09 11:06:03","version":"v2"}
{"category":"whatsapp","level":"info","message":"Archivo eliminado: session-118335022858301.0.json","service":"whatsapp-api-v2","timestamp":"2026-06-09 11:06:03","version":"v2"}
{"category":"whatsapp","level":"info","message":"Archivo eliminado: session-118425284280385.0.json","service":"whatsapp-api-v2","timestamp":"2026-06-09 11:06:03","version":"v2"}
{"category":"whatsapp","level":"info","message":"Archivo eliminado: session-118549704114290.0.json","service":"whatsapp-api-v2","timestamp":"2026-06-09 11:06:03","version":"v2"}
{"category":"whatsapp","level":"info","message":"Archivo eliminado: session-119155294511209.0.json","service":"whatsapp-api-v2","timestamp":"2026-06-09 11:06:03","version":"v2"}
{"category":"whatsapp","level":"info","message":"Archivo eliminado: session-119211447844881.0.json","service":"whatsapp-api-v2","timestamp":"2026-06-09 11:06:03","version":"v2"}
{"category":"whatsapp","level":"info","message":"Archivo eliminado: session-119241244201123.0.json","service":"whatsapp-api-v2","timestamp":"2026-06-09 11:06:03","version":"v2"}
{"category":"whatsapp","level":"info","message":"Archivo eliminado: session-119589589512268.0.json","service":"whatsapp-api-v2","timestamp":"2026-06-09 11:06:03","version":"v2"}
{"category":"whatsapp","level":"info","message":"Archivo eliminado: session-119718287511679.0.json","service":"whatsapp-api-v2","timestamp":"2026-06-09 11:06:04","version":"v2"}
{"category":"whatsapp","level":"info","message":"Archivo eliminado: session-120448129978424.0.json","service":"whatsapp-api-v2","timestamp":"2026-06-09 11:06:04","version":"v2"}
{"category":"whatsapp","level":"info","message":"Archivo eliminado: session-120697238114376.0.json","service":"whatsapp-api-v2","timestamp":"2026-06-09 11:06:04","version":"v2"}
{"category":"whatsapp","level":"info","message":"Archivo eliminado: session-121161144885430.0.json","service":"whatsapp-api-v2","timestamp":"2026-06-09 11:06:04","version":"v2"}
{"category":"whatsapp","level":"info","message":"Archivo eliminado: session-121281504612495.0.json","service":"whatsapp-api-v2","timestamp":"2026-06-09 11:06:04","version":"v2"}
{"category":"whatsapp","level":"info","message":"Archivo eliminado: session-121302828462321.0.json","service":"whatsapp-api-v2","timestamp":"2026-06-09 11:06:04","version":"v2"}
{"category":"whatsapp","level":"info","message":"Archivo eliminado: session-121500531191968.0.json","service":"whatsapp-api-v2","timestamp":"2026-06-09 11:06:04","version":"v2"}
{"category":"whatsapp","level":"info","message":"Archivo eliminado: session-122032989720779.0.json","service":"whatsapp-api-v2","timestamp":"2026-06-09 11:06:04","version":"v2"}
{"category":"whatsapp","level":"info","message":"Archivo eliminado: session-12215038021699.13.json","service":"whatsapp-api-v2","timestamp":"2026-06-09 11:06:04","version":"v2"}
{"category":"whatsapp","level":"info","message":"Archivo eliminado: session-12215038021699.9.json","service":"whatsapp-api-v2","timestamp":"2026-06-09 11:06:04","version":"v2"}
{"category":"whatsapp","level":"info","message":"Archivo eliminado: session-125224200736820.0.json","service":"whatsapp-api-v2","timestamp":"2026-06-09 11:06:04","version":"v2"}
{"category":"whatsapp","level":"info","message":"Archivo eliminado: session-125245960802535.0.json","service":"whatsapp-api-v2","timestamp":"2026-06-09 11:06:04","version":"v2"}
{"category":"whatsapp","level":"info","message":"Archivo eliminado: session-125503423930390.0.json","service":"whatsapp-api-v2","timestamp":"2026-06-09 11:06:04","version":"v2"}
{"category":"whatsapp","level":"info","message":"Archivo eliminado: session-125645023609080.0.json","service":"whatsapp-api-v2","timestamp":"2026-06-09 11:06:04","version":"v2"}
{"category":"whatsapp","level":"info","message":"Archivo eliminado: session-12640105570326.0.json","service":"whatsapp-api-v2","timestamp":"2026-06-09 11:06:04","version":"v2"}
{"category":"whatsapp","level":"info","message":"Archivo eliminado: session-126452896952575.0.json","service":"whatsapp-api-v2","timestamp":"2026-06-09 11:06:04","version":"v2"}
{"category":"whatsapp","level":"info","message":"Archivo eliminado: session-126453165379627.0.json","service":"whatsapp-api-v2","timestamp":"2026-06-09 11:06:04","version":"v2"}
{"category":"whatsapp","level":"info","message":"Archivo eliminado: session-12734712258768.0.json","service":"whatsapp-api-v2","timestamp":"2026-06-09 11:06:04","version":"v2"}
{"category":"whatsapp","level":"info","message":"Archivo eliminado: session-12734712258768.5.json","service":"whatsapp-api-v2","timestamp":"2026-06-09 11:06:04","version":"v2"}
{"category":"whatsapp","level":"info","message":"Archivo eliminado: session-127930281775296.0.json","service":"whatsapp-api-v2","timestamp":"2026-06-09 11:06:04","version":"v2"}
{"category":"whatsapp","level":"info","message":"Archivo eliminado: session-128307869778024.0.json","service":"whatsapp-api-v2","timestamp":"2026-06-09 11:06:04","version":"v2"}
{"category":"whatsapp","level":"info","message":"Archivo eliminado: session-128849169911962.0.json","service":"whatsapp-api-v2","timestamp":"2026-06-09 11:06:04","version":"v2"}
{"category":"whatsapp","level":"info","message":"Archivo eliminado: session-130313753731152.0.json","service":"whatsapp-api-v2","timestamp":"2026-06-09 11:06:04","version":"v2"}
{"category":"whatsapp","level":"info","message":"Archivo eliminado: session-130674413547765.0.json","service":"whatsapp-api-v2","timestamp":"2026-06-09 11:06:04","version":"v2"}
{"category":"whatsapp","level":"info","message":"Archivo eliminado: session-131284366020727.0.json","service":"whatsapp-api-v2","timestamp":"2026-06-09 11:06:04","version":"v2"}
{"category":"whatsapp","level":"info","message":"Archivo eliminado: session-131718224855142.0.json","service":"whatsapp-api-v2","timestamp":"2026-06-09 11:06:04","version":"v2"}
{"category":"whatsapp","level":"info","message":"Archivo eliminado: session-132018738323614.0.json","service":"whatsapp-api-v2","timestamp":"2026-06-09 11:06:04","version":"v2"}
{"category":"whatsapp","level":"info","message":"Archivo eliminado: session-132594263949444.0.json","service":"whatsapp-api-v2","timestamp":"2026-06-09 11:06:04","version":"v2"}
{"category":"whatsapp","level":"info","message":"Archivo eliminado: session-133938672566383.0.json","service":"whatsapp-api-v2","timestamp":"2026-06-09 11:06:04","version":"v2"}
{"category":"whatsapp","level":"info","message":"Archivo eliminado: session-134217895805003.0.json","service":"whatsapp-api-v2","timestamp":"2026-06-09 11:06:04","version":"v2"}
{"category":"whatsapp","level":"info","message":"Archivo eliminado: session-134273713619192.0.json","service":"whatsapp-api-v2","timestamp":"2026-06-09 11:06:04","version":"v2"}
{"category":"whatsapp","level":"info","message":"Archivo eliminado: session-134999579873516.0.json","service":"whatsapp-api-v2","timestamp":"2026-06-09 11:06:04","version":"v2"}
{"category":"whatsapp","level":"info","message":"Archivo eliminado: session-135089639956580.0.json","service":"whatsapp-api-v2","timestamp":"2026-06-09 11:06:04","version":"v2"}
{"category":"whatsapp","level":"info","message":"Archivo eliminado: session-135811244793873.0.json","service":"whatsapp-api-v2","timestamp":"2026-06-09 11:06:04","version":"v2"}
{"category":"whatsapp","level":"info","message":"Archivo eliminado: session-137323056492550.0.json","service":"whatsapp-api-v2","timestamp":"2026-06-09 11:06:04","version":"v2"}
{"category":"whatsapp","level":"info","message":"Archivo eliminado: session-137726749896796.0.json","service":"whatsapp-api-v2","timestamp":"2026-06-09 11:06:04","version":"v2"}
{"category":"whatsapp","level":"info","message":"Archivo eliminado: session-137950205628565.0.json","service":"whatsapp-api-v2","timestamp":"2026-06-09 11:06:04","version":"v2"}
{"category":"whatsapp","level":"info","message":"Archivo eliminado: session-138001946550380.0.json","service":"whatsapp-api-v2","timestamp":"2026-06-09 11:06:04","version":"v2"}
{"category":"whatsapp","level":"info","message":"Archivo eliminado: session-138053502943427.0.json","service":"whatsapp-api-v2","timestamp":"2026-06-09 11:06:04","version":"v2"}
{"category":"whatsapp","level":"info","message":"Archivo eliminado: session-138371045314713.0.json","service":"whatsapp-api-v2","timestamp":"2026-06-09 11:06:04","version":"v2"}
{"category":"whatsapp","level":"info","message":"Archivo eliminado: session-138753398014109.0.json","service":"whatsapp-api-v2","timestamp":"2026-06-09 11:06:04","version":"v2"}
{"category":"whatsapp","level":"info","message":"Archivo eliminado: session-139822777807029.0.json","service":"whatsapp-api-v2","timestamp":"2026-06-09 11:06:04","version":"v2"}
{"category":"whatsapp","level":"info","message":"Archivo eliminado: session-139938842562624.0.json","service":"whatsapp-api-v2","timestamp":"2026-06-09 11:06:04","version":"v2"}
{"category":"whatsapp","level":"info","message":"Archivo eliminado: session-140514284335122.0.json","service":"whatsapp-api-v2","timestamp":"2026-06-09 11:06:04","version":"v2"}
{"category":"whatsapp","level":"info","message":"Archivo eliminado: session-140741850460411.0.json","service":"whatsapp-api-v2","timestamp":"2026-06-09 11:06:04","version":"v2"}
{"category":"whatsapp","level":"info","message":"Archivo eliminado: session-141313584443554.0.json","service":"whatsapp-api-v2","timestamp":"2026-06-09 11:06:04","version":"v2"}
{"category":"whatsapp","level":"info","message":"Archivo eliminado: session-141725632835613.0.json","service":"whatsapp-api-v2","timestamp":"2026-06-09 11:06:04","version":"v2"}
{"category":"whatsapp","level":"info","message":"Archivo eliminado: session-142176403103980.0.json","service":"whatsapp-api-v2","timestamp":"2026-06-09 11:06:04","version":"v2"}
{"category":"whatsapp","level":"info","message":"Archivo eliminado: session-142537079685263.0.json","service":"whatsapp-api-v2","timestamp":"2026-06-09 11:06:04","version":"v2"}
{"category":"whatsapp","level":"info","message":"Archivo eliminado: session-142575818248292.0.json","service":"whatsapp-api-v2","timestamp":"2026-06-09 11:06:04","version":"v2"}
{"category":"whatsapp","level":"info","message":"Archivo eliminado: session-143023031767262.0.json","service":"whatsapp-api-v2","timestamp":"2026-06-09 11:06:04","version":"v2"}
{"category":"whatsapp","level":"info","message":"Archivo eliminado: session-143138475757727.0.json","service":"whatsapp-api-v2","timestamp":"2026-06-09 11:06:04","version":"v2"}
{"category":"whatsapp","level":"info","message":"Archivo eliminado: session-144018843394189.0.json","service":"whatsapp-api-v2","timestamp":"2026-06-09 11:06:04","version":"v2"}
{"category":"whatsapp","level":"info","message":"Archivo eliminado: session-144087579640042.0.json","service":"whatsapp-api-v2","timestamp":"2026-06-09 11:06:04","version":"v2"}
{"category":"whatsapp","level":"info","message":"Archivo eliminado: session-144886527463654.0.json","service":"whatsapp-api-v2","timestamp":"2026-06-09 11:06:04","version":"v2"}
{"category":"whatsapp","level":"info","message":"Archivo eliminado: session-145453379240176.0.json","service":"whatsapp-api-v2","timestamp":"2026-06-09 11:06:04","version":"v2"}
{"category":"whatsapp","level":"info","message":"Archivo eliminado: session-145475156107399.0.json","service":"whatsapp-api-v2","timestamp":"2026-06-09 11:06:04","version":"v2"}
{"category":"whatsapp","level":"info","message":"Archivo eliminado: session-145913309835322.0.json","service":"whatsapp-api-v2","timestamp":"2026-06-09 11:06:04","version":"v2"}
{"category":"whatsapp","level":"info","message":"Archivo eliminado: session-1460305703095.0.json","service":"whatsapp-api-v2","timestamp":"2026-06-09 11:06:04","version":"v2"}
{"category":"whatsapp","level":"info","message":"Archivo eliminado: session-146836878831695.0.json","service":"whatsapp-api-v2","timestamp":"2026-06-09 11:06:04","version":"v2"}
{"category":"whatsapp","level":"info","message":"Archivo eliminado: session-147875841462447.0.json","service":"whatsapp-api-v2","timestamp":"2026-06-09 11:06:04","version":"v2"}
{"category":"whatsapp","level":"info","message":"Archivo eliminado: session-148039654199521.0.json","service":"whatsapp-api-v2","timestamp":"2026-06-09 11:06:04","version":"v2"}
{"category":"whatsapp","level":"info","message":"Archivo eliminado: session-148184961708276.0.json","service":"whatsapp-api-v2","timestamp":"2026-06-09 11:06:04","version":"v2"}
{"category":"whatsapp","level":"info","message":"Archivo eliminado: session-148477539565750.0.json","service":"whatsapp-api-v2","timestamp":"2026-06-09 11:06:04","version":"v2"}
{"category":"whatsapp","level":"info","message":"Archivo eliminado: session-148648985931826.0.json","service":"whatsapp-api-v2","timestamp":"2026-06-09 11:06:04","version":"v2"}
{"category":"whatsapp","level":"info","message":"Archivo eliminado: session-149817116389532.0.json","service":"whatsapp-api-v2","timestamp":"2026-06-09 11:06:04","version":"v2"}
{"category":"whatsapp","level":"info","message":"Archivo eliminado: session-150534476591314.0.json","service":"whatsapp-api-v2","timestamp":"2026-06-09 11:06:04","version":"v2"}
{"category":"whatsapp","level":"info","message":"Archivo eliminado: session-151217376329748.0.json","service":"whatsapp-api-v2","timestamp":"2026-06-09 11:06:04","version":"v2"}
{"category":"whatsapp","level":"info","message":"Archivo eliminado: session-153519411748961.0.json","service":"whatsapp-api-v2","timestamp":"2026-06-09 11:06:04","version":"v2"}
{"category":"whatsapp","level":"info","message":"Archivo eliminado: session-15449383256185.0.json","service":"whatsapp-api-v2","timestamp":"2026-06-09 11:06:04","version":"v2"}
{"category":"whatsapp","level":"info","message":"Archivo eliminado: session-154936784453804.0.json","service":"whatsapp-api-v2","timestamp":"2026-06-09 11:06:04","version":"v2"}
{"category":"whatsapp","level":"info","message":"Archivo eliminado: session-155469410775191.0.json","service":"whatsapp-api-v2","timestamp":"2026-06-09 11:06:04","version":"v2"}
{"category":"whatsapp","level":"info","message":"Archivo eliminado: session-155641243004928.0.json","service":"whatsapp-api-v2","timestamp":"2026-06-09 11:06:04","version":"v2"}
{"category":"whatsapp","level":"info","message":"Archivo eliminado: session-156319864590463.0.json","service":"whatsapp-api-v2","timestamp":"2026-06-09 11:06:04","version":"v2"}
{"category":"whatsapp","level":"info","message":"Archivo eliminado: session-156719112040600.0.json","service":"whatsapp-api-v2","timestamp":"2026-06-09 11:06:04","version":"v2"}
{"category":"whatsapp","level":"info","message":"Archivo eliminado: session-156753538883814.0.json","service":"whatsapp-api-v2","timestamp":"2026-06-09 11:06:04","version":"v2"}
{"category":"whatsapp","level":"info","message":"Archivo eliminado: session-156771171741825.0.json","service":"whatsapp-api-v2","timestamp":"2026-06-09 11:06:04","version":"v2"}
{"category":"whatsapp","level":"info","message":"Archivo eliminado: session-157625366913113.0.json","service":"whatsapp-api-v2","timestamp":"2026-06-09 11:06:04","version":"v2"}
{"category":"whatsapp","level":"info","message":"Archivo eliminado: session-157659894411506.0.json","service":"whatsapp-api-v2","timestamp":"2026-06-09 11:06:04","version":"v2"}
{"category":"whatsapp","level":"info","message":"Archivo eliminado: session-160138291851515.0.json","service":"whatsapp-api-v2","timestamp":"2026-06-09 11:06:04","version":"v2"}
{"category":"whatsapp","level":"info","message":"Archivo eliminado: session-160296836562959.0.json","service":"whatsapp-api-v2","timestamp":"2026-06-09 11:06:04","version":"v2"}
{"category":"whatsapp","level":"info","message":"Archivo eliminado: session-16071868305480.0.json","service":"whatsapp-api-v2","timestamp":"2026-06-09 11:06:04","version":"v2"}
{"category":"whatsapp","level":"info","message":"Archivo eliminado: session-160734956789925.0.json","service":"whatsapp-api-v2","timestamp":"2026-06-09 11:06:04","version":"v2"}
{"category":"whatsapp","level":"info","message":"Archivo eliminado: session-161302026649688.0.json","service":"whatsapp-api-v2","timestamp":"2026-06-09 11:06:04","version":"v2"}
{"category":"whatsapp","level":"info","message":"Archivo eliminado: session-16179192148040.0.json","service":"whatsapp-api-v2","timestamp":"2026-06-09 11:06:04","version":"v2"}
{"category":"whatsapp","level":"info","message":"Archivo eliminado: session-162543540641991.0.json","service":"whatsapp-api-v2","timestamp":"2026-06-09 11:06:04","version":"v2"}
{"category":"whatsapp","level":"info","message":"Archivo eliminado: session-162783656194286.0.json","service":"whatsapp-api-v2","timestamp":"2026-06-09 11:06:04","version":"v2"}
{"category":"whatsapp","level":"info","message":"Archivo eliminado: session-163080042508401.0.json","service":"whatsapp-api-v2","timestamp":"2026-06-09 11:06:04","version":"v2"}
{"category":"whatsapp","level":"info","message":"Archivo eliminado: session-163930328576189.0.json","service":"whatsapp-api-v2","timestamp":"2026-06-09 11:06:04","version":"v2"}
{"category":"whatsapp","level":"info","message":"Archivo eliminado: session-164737899864317.0.json","service":"whatsapp-api-v2","timestamp":"2026-06-09 11:06:04","version":"v2"}
{"category":"whatsapp","level":"info","message":"Archivo eliminado: session-164737899864317.6.json","service":"whatsapp-api-v2","timestamp":"2026-06-09 11:06:04","version":"v2"}
{"category":"whatsapp","level":"info","message":"Archivo eliminado: session-164737899864317.7.json","service":"whatsapp-api-v2","timestamp":"2026-06-09 11:06:04","version":"v2"}
{"category":"whatsapp","level":"info","message":"Archivo eliminado: session-166700632772793.0.json","service":"whatsapp-api-v2","timestamp":"2026-06-09 11:06:04","version":"v2"}
{"category":"whatsapp","level":"info","message":"Archivo eliminado: session-168015094140944.0.json","service":"whatsapp-api-v2","timestamp":"2026-06-09 11:06:04","version":"v2"}
{"category":"whatsapp","level":"info","message":"Archivo eliminado: session-169213188665459.0.json","service":"whatsapp-api-v2","timestamp":"2026-06-09 11:06:04","version":"v2"}
{"category":"whatsapp","level":"info","message":"Archivo eliminado: session-169294994362590.0.json","service":"whatsapp-api-v2","timestamp":"2026-06-09 11:06:04","version":"v2"}
{"category":"whatsapp","level":"info","message":"Archivo eliminado: session-170450407686249.0.json","service":"whatsapp-api-v2","timestamp":"2026-06-09 11:06:04","version":"v2"}
{"category":"whatsapp","level":"info","message":"Archivo eliminado: session-171012863840325.0.json","service":"whatsapp-api-v2","timestamp":"2026-06-09 11:06:04","version":"v2"}
{"category":"whatsapp","level":"info","message":"Archivo eliminado: session-171124482691076.0.json","service":"whatsapp-api-v2","timestamp":"2026-06-09 11:06:04","version":"v2"}
{"category":"whatsapp","level":"info","message":"Archivo eliminado: session-171558358233249.0.json","service":"whatsapp-api-v2","timestamp":"2026-06-09 11:06:04","version":"v2"}
{"category":"whatsapp","level":"info","message":"Archivo eliminado: session-171695881089135.0.json","service":"whatsapp-api-v2","timestamp":"2026-06-09 11:06:04","version":"v2"}
{"category":"whatsapp","level":"info","message":"Archivo eliminado: session-17279408439546.1.json","service":"whatsapp-api-v2","timestamp":"2026-06-09 11:06:04","version":"v2"}
{"category":"whatsapp","level":"info","message":"Archivo eliminado: session-172958467248326.0.json","service":"whatsapp-api-v2","timestamp":"2026-06-09 11:06:04","version":"v2"}
{"category":"whatsapp","level":"info","message":"Archivo eliminado: session-173177946824716.0.json","service":"whatsapp-api-v2","timestamp":"2026-06-09 11:06:04","version":"v2"}
{"category":"whatsapp","level":"info","message":"Archivo eliminado: session-173319160652022.0.json","service":"whatsapp-api-v2","timestamp":"2026-06-09 11:06:04","version":"v2"}
{"category":"whatsapp","level":"info","message":"Archivo eliminado: session-173701429510327.0.json","service":"whatsapp-api-v2","timestamp":"2026-06-09 11:06:04","version":"v2"}
{"category":"whatsapp","level":"info","message":"Archivo eliminado: session-175127425761406.0.json","service":"whatsapp-api-v2","timestamp":"2026-06-09 11:06:04","version":"v2"}
{"category":"whatsapp","level":"info","message":"Archivo eliminado: session-175191850275046.0.json","service":"whatsapp-api-v2","timestamp":"2026-06-09 11:06:04","version":"v2"}
{"category":"whatsapp","level":"info","message":"Archivo eliminado: session-175643039948916.0.json","service":"whatsapp-api-v2","timestamp":"2026-06-09 11:06:04","version":"v2"}
{"category":"whatsapp","level":"info","message":"Archivo eliminado: session-17571046768820.0.json","service":"whatsapp-api-v2","timestamp":"2026-06-09 11:06:04","version":"v2"}
{"category":"whatsapp","level":"info","message":"Archivo eliminado: session-176914132111608.0.json","service":"whatsapp-api-v2","timestamp":"2026-06-09 11:06:04","version":"v2"}
{"category":"whatsapp","level":"info","message":"Archivo eliminado: session-177653470482605.0.json","service":"whatsapp-api-v2","timestamp":"2026-06-09 11:06:04","version":"v2"}
{"category":"whatsapp","level":"info","message":"Archivo eliminado: session-179388050059305.0.json","service":"whatsapp-api-v2","timestamp":"2026-06-09 11:06:04","version":"v2"}
{"category":"whatsapp","level":"info","message":"Archivo eliminado: session-179538306842655.0.json","service":"whatsapp-api-v2","timestamp":"2026-06-09 11:06:04","version":"v2"}
{"category":"whatsapp","level":"info","message":"Archivo eliminado: session-180680818470978.0.json","service":"whatsapp-api-v2","timestamp":"2026-06-09 11:06:04","version":"v2"}
{"category":"whatsapp","level":"info","message":"Archivo eliminado: session-180969017483299.0.json","service":"whatsapp-api-v2","timestamp":"2026-06-09 11:06:04","version":"v2"}
{"category":"whatsapp","level":"info","message":"Archivo eliminado: session-180969017483299.75.json","service":"whatsapp-api-v2","timestamp":"2026-06-09 11:06:04","version":"v2"}
{"category":"whatsapp","level":"info","message":"Archivo eliminado: session-181239197745340.0.json","service":"whatsapp-api-v2","timestamp":"2026-06-09 11:06:04","version":"v2"}
{"category":"whatsapp","level":"info","message":"Archivo eliminado: session-181672955883522.0.json","service":"whatsapp-api-v2","timestamp":"2026-06-09 11:06:04","version":"v2"}
{"category":"whatsapp","level":"info","message":"Archivo eliminado: session-182424591974508.1.json","service":"whatsapp-api-v2","timestamp":"2026-06-09 11:06:04","version":"v2"}
{"category":"whatsapp","level":"info","message":"Archivo eliminado: session-182755203797187.0.json","service":"whatsapp-api-v2","timestamp":"2026-06-09 11:06:04","version":"v2"}
{"category":"whatsapp","level":"info","message":"Archivo eliminado: session-18275706663116.0.json","service":"whatsapp-api-v2","timestamp":"2026-06-09 11:06:04","version":"v2"}
{"category":"whatsapp","level":"info","message":"Archivo eliminado: session-183051573321871.0.json","service":"whatsapp-api-v2","timestamp":"2026-06-09 11:06:04","version":"v2"}
{"category":"whatsapp","level":"info","message":"Archivo eliminado: session-183258134376548.0.json","service":"whatsapp-api-v2","timestamp":"2026-06-09 11:06:04","version":"v2"}
{"category":"whatsapp","level":"info","message":"Archivo eliminado: session-18335416737952.0.json","service":"whatsapp-api-v2","timestamp":"2026-06-09 11:06:04","version":"v2"}
{"category":"whatsapp","level":"info","message":"Archivo eliminado: session-184632221892828.0.json","service":"whatsapp-api-v2","timestamp":"2026-06-09 11:06:04","version":"v2"}
{"category":"whatsapp","level":"info","message":"Archivo eliminado: session-185375234478273.0.json","service":"whatsapp-api-v2","timestamp":"2026-06-09 11:06:04","version":"v2"}
{"category":"whatsapp","level":"info","message":"Archivo eliminado: session-18597208440849.0.json","service":"whatsapp-api-v2","timestamp":"2026-06-09 11:06:04","version":"v2"}
{"category":"whatsapp","level":"info","message":"Archivo eliminado: session-186126836977684.0.json","service":"whatsapp-api-v2","timestamp":"2026-06-09 11:06:04","version":"v2"}
{"category":"whatsapp","level":"info","message":"Archivo eliminado: session-186852787154965.0.json","service":"whatsapp-api-v2","timestamp":"2026-06-09 11:06:04","version":"v2"}
{"category":"whatsapp","level":"info","message":"Archivo eliminado: session-188325893812286.0.json","service":"whatsapp-api-v2","timestamp":"2026-06-09 11:06:04","version":"v2"}
{"category":"whatsapp","level":"info","message":"Archivo eliminado: session-188338728349873.0.json","service":"whatsapp-api-v2","timestamp":"2026-06-09 11:06:04","version":"v2"}
{"category":"whatsapp","level":"info","message":"Archivo eliminado: session-188720946872460.0.json","service":"whatsapp-api-v2","timestamp":"2026-06-09 11:06:04","version":"v2"}
{"category":"whatsapp","level":"info","message":"Archivo eliminado: session-189000186876152.0.json","service":"whatsapp-api-v2","timestamp":"2026-06-09 11:06:04","version":"v2"}
{"category":"whatsapp","level":"info","message":"Archivo eliminado: session-189159067111441.0.json","service":"whatsapp-api-v2","timestamp":"2026-06-09 11:06:04","version":"v2"}
{"category":"whatsapp","level":"info","message":"Archivo eliminado: session-189223390965930.0.json","service":"whatsapp-api-v2","timestamp":"2026-06-09 11:06:04","version":"v2"}
{"category":"whatsapp","level":"info","message":"Archivo eliminado: session-189309323857986.0.json","service":"whatsapp-api-v2","timestamp":"2026-06-09 11:06:04","version":"v2"}
{"category":"whatsapp","level":"info","message":"Archivo eliminado: session-189554204135672.0.json","service":"whatsapp-api-v2","timestamp":"2026-06-09 11:06:04","version":"v2"}
{"category":"whatsapp","level":"info","message":"Archivo eliminado: session-189652921241712.0.json","service":"whatsapp-api-v2","timestamp":"2026-06-09 11:06:04","version":"v2"}
{"category":"whatsapp","level":"info","message":"Archivo eliminado: session-189889228316799.0.json","service":"whatsapp-api-v2","timestamp":"2026-06-09 11:06:04","version":"v2"}
{"category":"whatsapp","level":"info","message":"Archivo eliminado: session-190216233062559.0.json","service":"whatsapp-api-v2","timestamp":"2026-06-09 11:06:04","version":"v2"}
{"category":"whatsapp","level":"info","message":"Archivo eliminado: session-19229172601012.0.json","service":"whatsapp-api-v2","timestamp":"2026-06-09 11:06:04","version":"v2"}
{"category":"whatsapp","level":"info","message":"Archivo eliminado: session-192475234869491.0.json","service":"whatsapp-api-v2","timestamp":"2026-06-09 11:06:04","version":"v2"}
{"category":"whatsapp","level":"info","message":"Archivo eliminado: session-192930115485932.0.json","service":"whatsapp-api-v2","timestamp":"2026-06-09 11:06:04","version":"v2"}
{"category":"whatsapp","level":"info","message":"Archivo eliminado: session-193720372744236.0.json","service":"whatsapp-api-v2","timestamp":"2026-06-09 11:06:04","version":"v2"}
{"category":"whatsapp","level":"info","message":"Archivo eliminado: session-195640223084762.0.json","service":"whatsapp-api-v2","timestamp":"2026-06-09 11:06:04","version":"v2"}
{"category":"whatsapp","level":"info","message":"Archivo eliminado: session-19589798842523.0.json","service":"whatsapp-api-v2","timestamp":"2026-06-09 11:06:04","version":"v2"}
{"category":"whatsapp","level":"info","message":"Archivo eliminado: session-195987964452907.0.json","service":"whatsapp-api-v2","timestamp":"2026-06-09 11:06:04","version":"v2"}
{"category":"whatsapp","level":"info","message":"Archivo eliminado: session-196322955112530.0.json","service":"whatsapp-api-v2","timestamp":"2026-06-09 11:06:04","version":"v2"}
{"category":"whatsapp","level":"info","message":"Archivo eliminado: session-197341063676066.0.json","service":"whatsapp-api-v2","timestamp":"2026-06-09 11:06:04","version":"v2"}
{"category":"whatsapp","level":"info","message":"Archivo eliminado: session-199999531044928.0.json","service":"whatsapp-api-v2","timestamp":"2026-06-09 11:06:04","version":"v2"}
{"category":"whatsapp","level":"info","message":"Archivo eliminado: session-200029612548108.0.json","service":"whatsapp-api-v2","timestamp":"2026-06-09 11:06:04","version":"v2"}
{"category":"whatsapp","level":"info","message":"Archivo eliminado: session-201279364177963.0.json","service":"whatsapp-api-v2","timestamp":"2026-06-09 11:06:04","version":"v2"}
{"category":"whatsapp","level":"info","message":"Archivo eliminado: session-201287970861251.0.json","service":"whatsapp-api-v2","timestamp":"2026-06-09 11:06:04","version":"v2"}
{"category":"whatsapp","level":"info","message":"Archivo eliminado: session-201524579983412.0.json","service":"whatsapp-api-v2","timestamp":"2026-06-09 11:06:04","version":"v2"}
{"category":"whatsapp","level":"info","message":"Archivo eliminado: session-201537213173812.0.json","service":"whatsapp-api-v2","timestamp":"2026-06-09 11:06:04","version":"v2"}
{"category":"whatsapp","level":"info","message":"Archivo eliminado: session-203452701524028.0.json","service":"whatsapp-api-v2","timestamp":"2026-06-09 11:06:04","version":"v2"}
{"category":"whatsapp","level":"info","message":"Archivo eliminado: session-204079783501951.0.json","service":"whatsapp-api-v2","timestamp":"2026-06-09 11:06:04","version":"v2"}
{"category":"whatsapp","level":"info","message":"Archivo eliminado: session-204247304011848.0.json","service":"whatsapp-api-v2","timestamp":"2026-06-09 11:06:04","version":"v2"}
{"category":"whatsapp","level":"info","message":"Archivo eliminado: session-204565081227346.0.json","service":"whatsapp-api-v2","timestamp":"2026-06-09 11:06:04","version":"v2"}
{"category":"whatsapp","level":"info","message":"Archivo eliminado: session-205428302573675.0.json","service":"whatsapp-api-v2","timestamp":"2026-06-09 11:06:04","version":"v2"}
{"category":"whatsapp","level":"info","message":"Archivo eliminado: session-20612269490275.0.json","service":"whatsapp-api-v2","timestamp":"2026-06-09 11:06:04","version":"v2"}
{"category":"whatsapp","level":"info","message":"Archivo eliminado: session-206205825851609.0.json","service":"whatsapp-api-v2","timestamp":"2026-06-09 11:06:04","version":"v2"}
{"category":"whatsapp","level":"info","message":"Archivo eliminado: session-206283152085228.0.json","service":"whatsapp-api-v2","timestamp":"2026-06-09 11:06:04","version":"v2"}
{"category":"whatsapp","level":"info","message":"Archivo eliminado: session-20796449771628.0.json","service":"whatsapp-api-v2","timestamp":"2026-06-09 11:06:04","version":"v2"}
{"category":"whatsapp","level":"info","message":"Archivo eliminado: session-208314671562980.0.json","service":"whatsapp-api-v2","timestamp":"2026-06-09 11:06:04","version":"v2"}
{"category":"whatsapp","level":"info","message":"Archivo eliminado: session-209474161742079.0.json","service":"whatsapp-api-v2","timestamp":"2026-06-09 11:06:04","version":"v2"}
{"category":"whatsapp","level":"info","message":"Archivo eliminado: session-209547159429199.0.json","service":"whatsapp-api-v2","timestamp":"2026-06-09 11:06:04","version":"v2"}
{"category":"whatsapp","level":"info","message":"Archivo eliminado: session-210165701824640.0.json","service":"whatsapp-api-v2","timestamp":"2026-06-09 11:06:04","version":"v2"}
{"category":"whatsapp","level":"info","message":"Archivo eliminado: session-21054030348414.0.json","service":"whatsapp-api-v2","timestamp":"2026-06-09 11:06:04","version":"v2"}
{"category":"whatsapp","level":"info","message":"Archivo eliminado: session-210659623079982.0.json","service":"whatsapp-api-v2","timestamp":"2026-06-09 11:06:04","version":"v2"}
{"category":"whatsapp","level":"info","message":"Archivo eliminado: session-212240221392989.0.json","service":"whatsapp-api-v2","timestamp":"2026-06-09 11:06:04","version":"v2"}
{"category":"whatsapp","level":"info","message":"Archivo eliminado: session-212240221392989.59.json","service":"whatsapp-api-v2","timestamp":"2026-06-09 11:06:04","version":"v2"}
{"category":"whatsapp","level":"info","message":"Archivo eliminado: session-213159663108195.0.json","service":"whatsapp-api-v2","timestamp":"2026-06-09 11:06:04","version":"v2"}
{"category":"whatsapp","level":"info","message":"Archivo eliminado: session-213232979558488.0.json","service":"whatsapp-api-v2","timestamp":"2026-06-09 11:06:04","version":"v2"}
{"category":"whatsapp","level":"info","message":"Archivo eliminado: session-214151364374679.0.json","service":"whatsapp-api-v2","timestamp":"2026-06-09 11:06:04","version":"v2"}
{"category":"whatsapp","level":"info","message":"Archivo eliminado: session-214288971120763.0.json","service":"whatsapp-api-v2","timestamp":"2026-06-09 11:06:04","version":"v2"}
{"category":"whatsapp","level":"info","message":"Archivo eliminado: session-214404952019098.0.json","service":"whatsapp-api-v2","timestamp":"2026-06-09 11:06:04","version":"v2"}
{"category":"whatsapp","level":"info","message":"Archivo eliminado: session-215040607174814.0.json","service":"whatsapp-api-v2","timestamp":"2026-06-09 11:06:04","version":"v2"}
{"category":"whatsapp","level":"info","message":"Archivo eliminado: session-21509246599376.0.json","service":"whatsapp-api-v2","timestamp":"2026-06-09 11:06:04","version":"v2"}
{"category":"whatsapp","level":"info","message":"Archivo eliminado: session-218532314874084.0.json","service":"whatsapp-api-v2","timestamp":"2026-06-09 11:06:04","version":"v2"}
{"category":"whatsapp","level":"info","message":"Archivo eliminado: session-219640651378770.0.json","service":"whatsapp-api-v2","timestamp":"2026-06-09 11:06:04","version":"v2"}
{"category":"whatsapp","level":"info","message":"Archivo eliminado: session-219653318164727.0.json","service":"whatsapp-api-v2","timestamp":"2026-06-09 11:06:04","version":"v2"}
{"category":"whatsapp","level":"info","message":"Archivo eliminado: session-220087176982724.0.json","service":"whatsapp-api-v2","timestamp":"2026-06-09 11:06:04","version":"v2"}
{"category":"whatsapp","level":"info","message":"Archivo eliminado: session-220173009195158.0.json","service":"whatsapp-api-v2","timestamp":"2026-06-09 11:06:04","version":"v2"}
{"category":"whatsapp","level":"info","message":"Archivo eliminado: session-220830072086723.0.json","service":"whatsapp-api-v2","timestamp":"2026-06-09 11:06:04","version":"v2"}
{"category":"whatsapp","level":"info","message":"Archivo eliminado: session-221376086589473.0.json","service":"whatsapp-api-v2","timestamp":"2026-06-09 11:06:04","version":"v2"}
{"category":"whatsapp","level":"info","message":"Archivo eliminado: session-221526024556726.0.json","service":"whatsapp-api-v2","timestamp":"2026-06-09 11:06:04","version":"v2"}
{"category":"whatsapp","level":"info","message":"Archivo eliminado: session-221646166192171.0.json","service":"whatsapp-api-v2","timestamp":"2026-06-09 11:06:04","version":"v2"}
{"category":"whatsapp","level":"info","message":"Archivo eliminado: session-224833031958592.0.json","service":"whatsapp-api-v2","timestamp":"2026-06-09 11:06:04","version":"v2"}
{"category":"whatsapp","level":"info","message":"Archivo eliminado: session-224923293323345.10.json","service":"whatsapp-api-v2","timestamp":"2026-06-09 11:06:04","version":"v2"}
{"category":"whatsapp","level":"info","message":"Archivo eliminado: session-225357017915608.0.json","service":"whatsapp-api-v2","timestamp":"2026-06-09 11:06:04","version":"v2"}
{"category":"whatsapp","level":"info","message":"Archivo eliminado: session-225765123739892.0.json","service":"whatsapp-api-v2","timestamp":"2026-06-09 11:06:04","version":"v2"}
{"category":"whatsapp","level":"info","message":"Archivo eliminado: session-226152023121921.0.json","service":"whatsapp-api-v2","timestamp":"2026-06-09 11:06:04","version":"v2"}
{"category":"whatsapp","level":"info","message":"Archivo eliminado: session-226323352039487.0.json","service":"whatsapp-api-v2","timestamp":"2026-06-09 11:06:04","version":"v2"}
{"category":"whatsapp","level":"info","message":"Archivo eliminado: session-22694758228102.0.json","service":"whatsapp-api-v2","timestamp":"2026-06-09 11:06:04","version":"v2"}
{"category":"whatsapp","level":"info","message":"Archivo eliminado: session-22712156172332.0.json","service":"whatsapp-api-v2","timestamp":"2026-06-09 11:06:04","version":"v2"}
{"category":"whatsapp","level":"info","message":"Archivo eliminado: session-227182362247302.0.json","service":"whatsapp-api-v2","timestamp":"2026-06-09 11:06:04","version":"v2"}
{"category":"whatsapp","level":"info","message":"Archivo eliminado: session-227332803551344.0.json","service":"whatsapp-api-v2","timestamp":"2026-06-09 11:06:04","version":"v2"}
{"category":"whatsapp","level":"info","message":"Archivo eliminado: session-228363444686949.0.json","service":"whatsapp-api-v2","timestamp":"2026-06-09 11:06:04","version":"v2"}
{"category":"whatsapp","level":"info","message":"Archivo eliminado: session-228505547727058.0.json","service":"whatsapp-api-v2","timestamp":"2026-06-09 11:06:04","version":"v2"}
{"category":"whatsapp","level":"info","message":"Archivo eliminado: session-229154171682837.0.json","service":"whatsapp-api-v2","timestamp":"2026-06-09 11:06:04","version":"v2"}
{"category":"whatsapp","level":"info","message":"Archivo eliminado: session-230257659539627.0.json","service":"whatsapp-api-v2","timestamp":"2026-06-09 11:06:04","version":"v2"}
{"category":"whatsapp","level":"info","message":"Archivo eliminado: session-230352031330376.0.json","service":"whatsapp-api-v2","timestamp":"2026-06-09 11:06:04","version":"v2"}
{"category":"whatsapp","level":"info","message":"Archivo eliminado: session-230747436790001.0.json","service":"whatsapp-api-v2","timestamp":"2026-06-09 11:06:04","version":"v2"}
{"category":"whatsapp","level":"info","message":"Archivo eliminado: session-231666291318901.0.json","service":"whatsapp-api-v2","timestamp":"2026-06-09 11:06:04","version":"v2"}
{"category":"whatsapp","level":"info","message":"Archivo eliminado: session-231902497738898.0.json","service":"whatsapp-api-v2","timestamp":"2026-06-09 11:06:04","version":"v2"}
{"category":"whatsapp","level":"info","message":"Archivo eliminado: session-232031346802781.0.json","service":"whatsapp-api-v2","timestamp":"2026-06-09 11:06:04","version":"v2"}
{"category":"whatsapp","level":"info","message":"Archivo eliminado: session-232138737741962.0.json","service":"whatsapp-api-v2","timestamp":"2026-06-09 11:06:04","version":"v2"}
{"category":"whatsapp","level":"info","message":"Archivo eliminado: session-232993419464719.0.json","service":"whatsapp-api-v2","timestamp":"2026-06-09 11:06:04","version":"v2"}
{"category":"whatsapp","level":"info","message":"Archivo eliminado: session-23403394285578.0.json","service":"whatsapp-api-v2","timestamp":"2026-06-09 11:06:04","version":"v2"}
{"category":"whatsapp","level":"info","message":"Archivo eliminado: session-234299223720038.0.json","service":"whatsapp-api-v2","timestamp":"2026-06-09 11:06:04","version":"v2"}
{"category":"whatsapp","level":"info","message":"Archivo eliminado: session-234427972079826.0.json","service":"whatsapp-api-v2","timestamp":"2026-06-09 11:06:04","version":"v2"}
{"category":"whatsapp","level":"info","message":"Archivo eliminado: session-234745816428661.0.json","service":"whatsapp-api-v2","timestamp":"2026-06-09 11:06:04","version":"v2"}
{"category":"whatsapp","level":"info","message":"Archivo eliminado: session-23527948329127.0.json","service":"whatsapp-api-v2","timestamp":"2026-06-09 11:06:04","version":"v2"}
{"category":"whatsapp","level":"info","message":"Archivo eliminado: session-235407174316146.0.json","service":"whatsapp-api-v2","timestamp":"2026-06-09 11:06:04","version":"v2"}
{"category":"whatsapp","level":"info","message":"Archivo eliminado: session-235437255864422.0.json","service":"whatsapp-api-v2","timestamp":"2026-06-09 11:06:04","version":"v2"}
{"category":"whatsapp","level":"info","message":"Archivo eliminado: session-235961342517454.0.json","service":"whatsapp-api-v2","timestamp":"2026-06-09 11:06:04","version":"v2"}
{"category":"whatsapp","level":"info","message":"Archivo eliminado: session-236992034029592.0.json","service":"whatsapp-api-v2","timestamp":"2026-06-09 11:06:04","version":"v2"}
{"category":"whatsapp","level":"info","message":"Archivo eliminado: session-238692908171269.0.json","service":"whatsapp-api-v2","timestamp":"2026-06-09 11:06:04","version":"v2"}
{"category":"whatsapp","level":"info","message":"Archivo eliminado: session-240179386282019.0.json","service":"whatsapp-api-v2","timestamp":"2026-06-09 11:06:04","version":"v2"}
{"category":"whatsapp","level":"info","message":"Archivo eliminado: session-240608732024951.0.json","service":"whatsapp-api-v2","timestamp":"2026-06-09 11:06:04","version":"v2"}
{"category":"whatsapp","level":"info","message":"Archivo eliminado: session-240990665339075.0.json","service":"whatsapp-api-v2","timestamp":"2026-06-09 11:06:04","version":"v2"}
{"category":"whatsapp","level":"info","message":"Archivo eliminado: session-241072336834602.0.json","service":"whatsapp-api-v2","timestamp":"2026-06-09 11:06:04","version":"v2"}
{"category":"whatsapp","level":"info","message":"Archivo eliminado: session-241686802354398.0.json","service":"whatsapp-api-v2","timestamp":"2026-06-09 11:06:04","version":"v2"}
{"category":"whatsapp","level":"info","message":"Archivo eliminado: session-241948644372513.0.json","service":"whatsapp-api-v2","timestamp":"2026-06-09 11:06:04","version":"v2"}
{"category":"whatsapp","level":"info","message":"Archivo eliminado: session-24262370959379.0.json","service":"whatsapp-api-v2","timestamp":"2026-06-09 11:06:04","version":"v2"}
{"category":"whatsapp","level":"info","message":"Archivo eliminado: session-242846141550757.0.json","service":"whatsapp-api-v2","timestamp":"2026-06-09 11:06:04","version":"v2"}
{"category":"whatsapp","level":"info","message":"Archivo eliminado: session-243206985932923.0.json","service":"whatsapp-api-v2","timestamp":"2026-06-09 11:06:04","version":"v2"}
{"category":"whatsapp","level":"info","message":"Archivo eliminado: session-243825410896089.0.json","service":"whatsapp-api-v2","timestamp":"2026-06-09 11:06:04","version":"v2"}
{"category":"whatsapp","level":"info","message":"Archivo eliminado: session-244095943483425.0.json","service":"whatsapp-api-v2","timestamp":"2026-06-09 11:06:04","version":"v2"}
{"category":"whatsapp","level":"info","message":"Archivo eliminado: session-244259101884554.0.json","service":"whatsapp-api-v2","timestamp":"2026-06-09 11:06:04","version":"v2"}
{"category":"whatsapp","level":"info","message":"Archivo eliminado: session-244259135447207.0.json","service":"whatsapp-api-v2","timestamp":"2026-06-09 11:06:04","version":"v2"}
{"category":"whatsapp","level":"info","message":"Archivo eliminado: session-244701517086886.0.json","service":"whatsapp-api-v2","timestamp":"2026-06-09 11:06:04","version":"v2"}
{"category":"whatsapp","level":"info","message":"Archivo eliminado: session-244748879163622.0.json","service":"whatsapp-api-v2","timestamp":"2026-06-09 11:06:04","version":"v2"}
{"category":"whatsapp","level":"info","message":"Archivo eliminado: session-245513333022862.0.json","service":"whatsapp-api-v2","timestamp":"2026-06-09 11:06:04","version":"v2"}
{"category":"whatsapp","level":"info","message":"Archivo eliminado: session-246153216053503.0.json","service":"whatsapp-api-v2","timestamp":"2026-06-09 11:06:04","version":"v2"}
{"category":"whatsapp","level":"info","message":"Archivo eliminado: session-246651499319430.0.json","service":"whatsapp-api-v2","timestamp":"2026-06-09 11:06:04","version":"v2"}
{"category":"whatsapp","level":"info","message":"Archivo eliminado: session-247291499827312.0.json","service":"whatsapp-api-v2","timestamp":"2026-06-09 11:06:04","version":"v2"}
{"category":"whatsapp","level":"info","message":"Archivo eliminado: session-250714454528077.0.json","service":"whatsapp-api-v2","timestamp":"2026-06-09 11:06:04","version":"v2"}
{"category":"whatsapp","level":"info","message":"Archivo eliminado: session-25078414762164.0.json","service":"whatsapp-api-v2","timestamp":"2026-06-09 11:06:04","version":"v2"}
{"category":"whatsapp","level":"info","message":"Archivo eliminado: session-251006495506643.0.json","service":"whatsapp-api-v2","timestamp":"2026-06-09 11:06:04","version":"v2"}
{"category":"whatsapp","level":"info","message":"Archivo eliminado: session-251006495506643.9.json","service":"whatsapp-api-v2","timestamp":"2026-06-09 11:06:04","version":"v2"}
{"category":"whatsapp","level":"info","message":"Archivo eliminado: session-251036811964462.0.json","service":"whatsapp-api-v2","timestamp":"2026-06-09 11:06:04","version":"v2"}
{"category":"whatsapp","level":"info","message":"Archivo eliminado: session-251298570096822.0.json","service":"whatsapp-api-v2","timestamp":"2026-06-09 11:06:04","version":"v2"}
{"category":"whatsapp","level":"info","message":"Archivo eliminado: session-251719510442190.0.json","service":"whatsapp-api-v2","timestamp":"2026-06-09 11:06:04","version":"v2"}
{"category":"whatsapp","level":"info","message":"Archivo eliminado: session-251870387904646.0.json","service":"whatsapp-api-v2","timestamp":"2026-06-09 11:06:04","version":"v2"}
{"category":"whatsapp","level":"info","message":"Archivo eliminado: session-252054484287496.0.json","service":"whatsapp-api-v2","timestamp":"2026-06-09 11:06:04","version":"v2"}
{"category":"whatsapp","level":"info","message":"Archivo eliminado: session-252707369705549.0.json","service":"whatsapp-api-v2","timestamp":"2026-06-09 11:06:04","version":"v2"}
{"category":"whatsapp","level":"info","message":"Archivo eliminado: session-253845586374787.0.json","service":"whatsapp-api-v2","timestamp":"2026-06-09 11:06:04","version":"v2"}
{"category":"whatsapp","level":"info","message":"Archivo eliminado: session-254154907857041.0.json","service":"whatsapp-api-v2","timestamp":"2026-06-09 11:06:04","version":"v2"}
{"category":"whatsapp","level":"info","message":"Archivo eliminado: session-254567191150672.0.json","service":"whatsapp-api-v2","timestamp":"2026-06-09 11:06:04","version":"v2"}
{"category":"whatsapp","level":"info","message":"Archivo eliminado: session-254747797884953.0.json","service":"whatsapp-api-v2","timestamp":"2026-06-09 11:06:04","version":"v2"}
{"category":"whatsapp","level":"info","message":"Archivo eliminado: session-254876344946739.0.json","service":"whatsapp-api-v2","timestamp":"2026-06-09 11:06:04","version":"v2"}
{"category":"whatsapp","level":"info","message":"Archivo eliminado: session-25499774529621.0.json","service":"whatsapp-api-v2","timestamp":"2026-06-09 11:06:04","version":"v2"}
{"category":"whatsapp","level":"info","message":"Archivo eliminado: session-255164158054488.0.json","service":"whatsapp-api-v2","timestamp":"2026-06-09 11:06:04","version":"v2"}
{"category":"whatsapp","level":"info","message":"Archivo eliminado: session-256074590461968.0.json","service":"whatsapp-api-v2","timestamp":"2026-06-09 11:06:04","version":"v2"}
{"category":"whatsapp","level":"info","message":"Archivo eliminado: session-257792577372184.0.json","service":"whatsapp-api-v2","timestamp":"2026-06-09 11:06:04","version":"v2"}
{"category":"whatsapp","level":"info","message":"Archivo eliminado: session-258205313708154.0.json","service":"whatsapp-api-v2","timestamp":"2026-06-09 11:06:04","version":"v2"}
{"category":"whatsapp","level":"info","message":"Archivo eliminado: session-258436889632920.0.json","service":"whatsapp-api-v2","timestamp":"2026-06-09 11:06:04","version":"v2"}
{"category":"whatsapp","level":"info","message":"Archivo eliminado: session-258900829942003.0.json","service":"whatsapp-api-v2","timestamp":"2026-06-09 11:06:04","version":"v2"}
{"category":"whatsapp","level":"info","message":"Archivo eliminado: session-259858423091331.0.json","service":"whatsapp-api-v2","timestamp":"2026-06-09 11:06:04","version":"v2"}
{"category":"whatsapp","level":"info","message":"Archivo eliminado: session-260339576926331.0.json","service":"whatsapp-api-v2","timestamp":"2026-06-09 11:06:04","version":"v2"}
{"category":"whatsapp","level":"info","message":"Archivo eliminado: session-261915930550418.0.json","service":"whatsapp-api-v2","timestamp":"2026-06-09 11:06:04","version":"v2"}
{"category":"whatsapp","level":"info","message":"Archivo eliminado: session-262886945501193.0.json","service":"whatsapp-api-v2","timestamp":"2026-06-09 11:06:04","version":"v2"}
{"category":"whatsapp","level":"info","message":"Archivo eliminado: session-263105569378308.0.json","service":"whatsapp-api-v2","timestamp":"2026-06-09 11:06:04","version":"v2"}
{"category":"whatsapp","level":"info","message":"Archivo eliminado: session-263337380175933.0.json","service":"whatsapp-api-v2","timestamp":"2026-06-09 11:06:04","version":"v2"}
{"category":"whatsapp","level":"info","message":"Archivo eliminado: session-264093730644083.0.json","service":"whatsapp-api-v2","timestamp":"2026-06-09 11:06:04","version":"v2"}
{"category":"whatsapp","level":"info","message":"Archivo eliminado: session-265059729174596.0.json","service":"whatsapp-api-v2","timestamp":"2026-06-09 11:06:04","version":"v2"}
{"category":"whatsapp","level":"info","message":"Archivo eliminado: session-266812142915802.0.json","service":"whatsapp-api-v2","timestamp":"2026-06-09 11:06:04","version":"v2"}
{"category":"whatsapp","level":"info","message":"Archivo eliminado: session-267271687675933.0.json","service":"whatsapp-api-v2","timestamp":"2026-06-09 11:06:04","version":"v2"}
{"category":"whatsapp","level":"info","message":"Archivo eliminado: session-267349148053677.0.json","service":"whatsapp-api-v2","timestamp":"2026-06-09 11:06:04","version":"v2"}
{"category":"whatsapp","level":"info","message":"Archivo eliminado: session-267349148053677.5.json","service":"whatsapp-api-v2","timestamp":"2026-06-09 11:06:04","version":"v2"}
{"category":"whatsapp","level":"info","message":"Archivo eliminado: session-267400486359260.0.json","service":"whatsapp-api-v2","timestamp":"2026-06-09 11:06:04","version":"v2"}
{"category":"whatsapp","level":"info","message":"Archivo eliminado: session-267585086042128.0.json","service":"whatsapp-api-v2","timestamp":"2026-06-09 11:06:04","version":"v2"}
{"category":"whatsapp","level":"info","message":"Archivo eliminado: session-268379772436663.0.json","service":"whatsapp-api-v2","timestamp":"2026-06-09 11:06:04","version":"v2"}
{"category":"whatsapp","level":"info","message":"Archivo eliminado: session-268547292926107.0.json","service":"whatsapp-api-v2","timestamp":"2026-06-09 11:06:04","version":"v2"}
{"category":"whatsapp","level":"info","message":"Archivo eliminado: session-268577525473349.0.json","service":"whatsapp-api-v2","timestamp":"2026-06-09 11:06:04","version":"v2"}
{"category":"whatsapp","level":"info","message":"Archivo eliminado: session-268641782247455.0.json","service":"whatsapp-api-v2","timestamp":"2026-06-09 11:06:04","version":"v2"}
{"category":"whatsapp","level":"info","message":"Archivo eliminado: session-270192114454663.0.json","service":"whatsapp-api-v2","timestamp":"2026-06-09 11:06:04","version":"v2"}
{"category":"whatsapp","level":"info","message":"Archivo eliminado: session-270630905745446.0.json","service":"whatsapp-api-v2","timestamp":"2026-06-09 11:06:04","version":"v2"}
{"category":"whatsapp","level":"info","message":"Archivo eliminado: session-271351889789017.0.json","service":"whatsapp-api-v2","timestamp":"2026-06-09 11:06:04","version":"v2"}
{"category":"whatsapp","level":"info","message":"Archivo eliminado: session-271850307325998.0.json","service":"whatsapp-api-v2","timestamp":"2026-06-09 11:06:04","version":"v2"}
{"category":"whatsapp","level":"info","message":"Archivo eliminado: session-272923881431045.0.json","service":"whatsapp-api-v2","timestamp":"2026-06-09 11:06:04","version":"v2"}
{"category":"whatsapp","level":"info","message":"Archivo eliminado: session-273082744860689.0.json","service":"whatsapp-api-v2","timestamp":"2026-06-09 11:06:04","version":"v2"}
{"category":"whatsapp","level":"info","message":"Archivo eliminado: session-27771325677697.0.json","service":"whatsapp-api-v2","timestamp":"2026-06-09 11:06:04","version":"v2"}
{"category":"whatsapp","level":"info","message":"Archivo eliminado: session-278137854263431.2.json","service":"whatsapp-api-v2","timestamp":"2026-06-09 11:06:04","version":"v2"}
{"category":"whatsapp","level":"info","message":"Archivo eliminado: session-278812180918510.0.json","service":"whatsapp-api-v2","timestamp":"2026-06-09 11:06:04","version":"v2"}
{"category":"whatsapp","level":"info","message":"Archivo eliminado: session-280259668775102.0.json","service":"whatsapp-api-v2","timestamp":"2026-06-09 11:06:04","version":"v2"}
{"category":"whatsapp","level":"info","message":"Archivo eliminado: session-280568923222109.0.json","service":"whatsapp-api-v2","timestamp":"2026-06-09 11:06:04","version":"v2"}
{"category":"whatsapp","level":"info","message":"Archivo eliminado: session-28059155578894.0.json","service":"whatsapp-api-v2","timestamp":"2026-06-09 11:06:04","version":"v2"}
{"category":"whatsapp","level":"info","message":"Archivo eliminado: session-281406475391057.0.json","service":"whatsapp-api-v2","timestamp":"2026-06-09 11:06:04","version":"v2"}
{"category":"whatsapp","level":"info","message":"Archivo eliminado: session-28381177462829.0.json","service":"whatsapp-api-v2","timestamp":"2026-06-09 11:06:04","version":"v2"}
{"category":"whatsapp","level":"info","message":"Archivo eliminado: session-29119911862363.0.json","service":"whatsapp-api-v2","timestamp":"2026-06-09 11:06:04","version":"v2"}
{"category":"whatsapp","level":"info","message":"Archivo eliminado: session-29725837787240.0.json","service":"whatsapp-api-v2","timestamp":"2026-06-09 11:06:04","version":"v2"}
{"category":"whatsapp","level":"info","message":"Archivo eliminado: session-29742866673696.0.json","service":"whatsapp-api-v2","timestamp":"2026-06-09 11:06:04","version":"v2"}
{"category":"whatsapp","level":"info","message":"Archivo eliminado: session-29742950551730.0.json","service":"whatsapp-api-v2","timestamp":"2026-06-09 11:06:04","version":"v2"}
{"category":"whatsapp","level":"info","message":"Archivo eliminado: session-30528862462106.0.json","service":"whatsapp-api-v2","timestamp":"2026-06-09 11:06:04","version":"v2"}
{"category":"whatsapp","level":"info","message":"Archivo eliminado: session-31022683017259.0.json","service":"whatsapp-api-v2","timestamp":"2026-06-09 11:06:04","version":"v2"}
{"category":"whatsapp","level":"info","message":"Archivo eliminado: session-31155759915121.0.json","service":"whatsapp-api-v2","timestamp":"2026-06-09 11:06:04","version":"v2"}
{"category":"whatsapp","level":"info","message":"Archivo eliminado: session-31263167672446.0.json","service":"whatsapp-api-v2","timestamp":"2026-06-09 11:06:04","version":"v2"}
{"category":"whatsapp","level":"info","message":"Archivo eliminado: session-31387621023975.0.json","service":"whatsapp-api-v2","timestamp":"2026-06-09 11:06:04","version":"v2"}
{"category":"whatsapp","level":"info","message":"Archivo eliminado: session-31963180204194.0.json","service":"whatsapp-api-v2","timestamp":"2026-06-09 11:06:04","version":"v2"}
{"category":"whatsapp","level":"info","message":"Archivo eliminado: session-31963800928393.0.json","service":"whatsapp-api-v2","timestamp":"2026-06-09 11:06:04","version":"v2"}
{"category":"whatsapp","level":"info","message":"Archivo eliminado: session-32513003098248.0.json","service":"whatsapp-api-v2","timestamp":"2026-06-09 11:06:04","version":"v2"}
{"category":"whatsapp","level":"info","message":"Archivo eliminado: session-3273335533804.0.json","service":"whatsapp-api-v2","timestamp":"2026-06-09 11:06:04","version":"v2"}
{"category":"whatsapp","level":"info","message":"Archivo eliminado: session-32899449503768.0.json","service":"whatsapp-api-v2","timestamp":"2026-06-09 11:06:04","version":"v2"}
{"category":"whatsapp","level":"info","message":"Archivo eliminado: session-33225984491591.0.json","service":"whatsapp-api-v2","timestamp":"2026-06-09 11:06:04","version":"v2"}
{"category":"whatsapp","level":"info","message":"Archivo eliminado: session-33685495672868.0.json","service":"whatsapp-api-v2","timestamp":"2026-06-09 11:06:04","version":"v2"}
{"category":"whatsapp","level":"info","message":"Archivo eliminado: session-3449060126861.0.json","service":"whatsapp-api-v2","timestamp":"2026-06-09 11:06:04","version":"v2"}
{"category":"whatsapp","level":"info","message":"Archivo eliminado: session-34505817636873.0.json","service":"whatsapp-api-v2","timestamp":"2026-06-09 11:06:04","version":"v2"}
{"category":"whatsapp","level":"info","message":"Archivo eliminado: session-34505817636873.58.json","service":"whatsapp-api-v2","timestamp":"2026-06-09 11:06:04","version":"v2"}
{"category":"whatsapp","level":"info","message":"Archivo eliminado: session-35287702978773.0.json","service":"whatsapp-api-v2","timestamp":"2026-06-09 11:06:04","version":"v2"}
{"category":"whatsapp","level":"info","message":"Archivo eliminado: session-35898007748785.0.json","service":"whatsapp-api-v2","timestamp":"2026-06-09 11:06:04","version":"v2"}
{"category":"whatsapp","level":"info","message":"Archivo eliminado: session-36455732748441.0.json","service":"whatsapp-api-v2","timestamp":"2026-06-09 11:06:04","version":"v2"}
{"category":"whatsapp","level":"info","message":"Archivo eliminado: session-37258908446846.0.json","service":"whatsapp-api-v2","timestamp":"2026-06-09 11:06:04","version":"v2"}
{"category":"whatsapp","level":"info","message":"Archivo eliminado: session-37280517496913.0.json","service":"whatsapp-api-v2","timestamp":"2026-06-09 11:06:04","version":"v2"}
{"category":"whatsapp","level":"info","message":"Archivo eliminado: session-37555546358006.0.json","service":"whatsapp-api-v2","timestamp":"2026-06-09 11:06:04","version":"v2"}
{"category":"whatsapp","level":"info","message":"Archivo eliminado: session-3861427290238.0.json","service":"whatsapp-api-v2","timestamp":"2026-06-09 11:06:04","version":"v2"}
{"category":"whatsapp","level":"info","message":"Archivo eliminado: session-3921456148539.0.json","service":"whatsapp-api-v2","timestamp":"2026-06-09 11:06:05","version":"v2"}
{"category":"whatsapp","level":"info","message":"Archivo eliminado: session-40097898623050.0.json","service":"whatsapp-api-v2","timestamp":"2026-06-09 11:06:05","version":"v2"}
{"category":"whatsapp","level":"info","message":"Archivo eliminado: session-42043552305249.0.json","service":"whatsapp-api-v2","timestamp":"2026-06-09 11:06:05","version":"v2"}
{"category":"whatsapp","level":"info","message":"Archivo eliminado: session-42043552305249.7.json","service":"whatsapp-api-v2","timestamp":"2026-06-09 11:06:05","version":"v2"}
{"category":"whatsapp","level":"info","message":"Archivo eliminado: session-42077878493186.0.json","service":"whatsapp-api-v2","timestamp":"2026-06-09 11:06:05","version":"v2"}
{"category":"whatsapp","level":"info","message":"Archivo eliminado: session-4209202221150.0.json","service":"whatsapp-api-v2","timestamp":"2026-06-09 11:06:05","version":"v2"}
{"category":"whatsapp","level":"info","message":"Archivo eliminado: session-42692058841290.0.json","service":"whatsapp-api-v2","timestamp":"2026-06-09 11:06:05","version":"v2"}
{"category":"whatsapp","level":"info","message":"Archivo eliminado: session-42868253184087.0.json","service":"whatsapp-api-v2","timestamp":"2026-06-09 11:06:05","version":"v2"}
{"category":"whatsapp","level":"info","message":"Archivo eliminado: session-43349272748099.0.json","service":"whatsapp-api-v2","timestamp":"2026-06-09 11:06:05","version":"v2"}
{"category":"whatsapp","level":"info","message":"Archivo eliminado: session-43362275086486.0.json","service":"whatsapp-api-v2","timestamp":"2026-06-09 11:06:05","version":"v2"}
{"category":"whatsapp","level":"info","message":"Archivo eliminado: session-43452368740370.0.json","service":"whatsapp-api-v2","timestamp":"2026-06-09 11:06:05","version":"v2"}
{"category":"whatsapp","level":"info","message":"Archivo eliminado: session-43950501052573.0.json","service":"whatsapp-api-v2","timestamp":"2026-06-09 11:06:05","version":"v2"}
{"category":"whatsapp","level":"info","message":"Archivo eliminado: session-43976220475473.0.json","service":"whatsapp-api-v2","timestamp":"2026-06-09 11:06:05","version":"v2"}
{"category":"whatsapp","level":"info","message":"Archivo eliminado: session-44345638002774.0.json","service":"whatsapp-api-v2","timestamp":"2026-06-09 11:06:05","version":"v2"}
{"category":"whatsapp","level":"info","message":"Archivo eliminado: session-44435815583980.0.json","service":"whatsapp-api-v2","timestamp":"2026-06-09 11:06:05","version":"v2"}
{"category":"whatsapp","level":"info","message":"Archivo eliminado: session-45806077882368.0.json","service":"whatsapp-api-v2","timestamp":"2026-06-09 11:06:05","version":"v2"}
{"category":"whatsapp","level":"info","message":"Archivo eliminado: session-46291191091351.0.json","service":"whatsapp-api-v2","timestamp":"2026-06-09 11:06:05","version":"v2"}
{"category":"whatsapp","level":"info","message":"Archivo eliminado: session-47021637562486.0.json","service":"whatsapp-api-v2","timestamp":"2026-06-09 11:06:05","version":"v2"}
{"category":"whatsapp","level":"info","message":"Archivo eliminado: session-47828923592939.0.json","service":"whatsapp-api-v2","timestamp":"2026-06-09 11:06:05","version":"v2"}
{"category":"whatsapp","level":"info","message":"Archivo eliminado: session-48138144469168.0.json","service":"whatsapp-api-v2","timestamp":"2026-06-09 11:06:05","version":"v2"}
{"category":"whatsapp","level":"info","message":"Archivo eliminado: session-49082986930359.0.json","service":"whatsapp-api-v2","timestamp":"2026-06-09 11:06:05","version":"v2"}
{"category":"whatsapp","level":"info","message":"Archivo eliminado: session-4922317750390.0.json","service":"whatsapp-api-v2","timestamp":"2026-06-09 11:06:05","version":"v2"}
{"category":"whatsapp","level":"info","message":"Archivo eliminado: session-49585766539309.0.json","service":"whatsapp-api-v2","timestamp":"2026-06-09 11:06:05","version":"v2"}
{"category":"whatsapp","level":"info","message":"Archivo eliminado: session-51256206835961.0.json","service":"whatsapp-api-v2","timestamp":"2026-06-09 11:06:05","version":"v2"}
{"category":"whatsapp","level":"info","message":"Archivo eliminado: session-51397957533730.0.json","service":"whatsapp-api-v2","timestamp":"2026-06-09 11:06:05","version":"v2"}
{"category":"whatsapp","level":"info","message":"Archivo eliminado: session-51535346163927.0.json","service":"whatsapp-api-v2","timestamp":"2026-06-09 11:06:05","version":"v2"}
{"category":"whatsapp","level":"info","message":"Archivo eliminado: session-51561199890629.0.json","service":"whatsapp-api-v2","timestamp":"2026-06-09 11:06:05","version":"v2"}
{"category":"whatsapp","level":"info","message":"Archivo eliminado: session-51561417941109.0.json","service":"whatsapp-api-v2","timestamp":"2026-06-09 11:06:05","version":"v2"}
{"category":"whatsapp","level":"info","message":"Archivo eliminado: session-51956252958943.0.json","service":"whatsapp-api-v2","timestamp":"2026-06-09 11:06:05","version":"v2"}
{"category":"whatsapp","level":"info","message":"Archivo eliminado: session-52687118856210.0.json","service":"whatsapp-api-v2","timestamp":"2026-06-09 11:06:05","version":"v2"}
{"category":"whatsapp","level":"info","message":"Archivo eliminado: session-53141781389417.0.json","service":"whatsapp-api-v2","timestamp":"2026-06-09 11:06:05","version":"v2"}
{"category":"whatsapp","level":"info","message":"Archivo eliminado: session-53579834470602.0.json","service":"whatsapp-api-v2","timestamp":"2026-06-09 11:06:05","version":"v2"}
{"category":"whatsapp","level":"info","message":"Archivo eliminado: session-53798827487408.0.json","service":"whatsapp-api-v2","timestamp":"2026-06-09 11:06:05","version":"v2"}
{"category":"whatsapp","level":"info","message":"Archivo eliminado: session-53936752984287.0.json","service":"whatsapp-api-v2","timestamp":"2026-06-09 11:06:05","version":"v2"}
{"category":"whatsapp","level":"info","message":"Archivo eliminado: session-54421681610930.0.json","service":"whatsapp-api-v2","timestamp":"2026-06-09 11:06:05","version":"v2"}
{"category":"whatsapp","level":"info","message":"Archivo eliminado: session-54799521300728.0.json","service":"whatsapp-api-v2","timestamp":"2026-06-09 11:06:05","version":"v2"}
{"category":"whatsapp","level":"info","message":"Archivo eliminado: session-55190447222962.0.json","service":"whatsapp-api-v2","timestamp":"2026-06-09 11:06:05","version":"v2"}
{"category":"whatsapp","level":"info","message":"Archivo eliminado: session-55190447222962.8.json","service":"whatsapp-api-v2","timestamp":"2026-06-09 11:06:05","version":"v2"}
{"category":"whatsapp","level":"info","message":"Archivo eliminado: session-55787716108530.0.json","service":"whatsapp-api-v2","timestamp":"2026-06-09 11:06:05","version":"v2"}
{"category":"whatsapp","level":"info","message":"Archivo eliminado: session-55791725879490.0.json","service":"whatsapp-api-v2","timestamp":"2026-06-09 11:06:05","version":"v2"}
{"category":"whatsapp","level":"info","message":"Archivo eliminado: session-56225584656548.0.json","service":"whatsapp-api-v2","timestamp":"2026-06-09 11:06:05","version":"v2"}
{"category":"whatsapp","level":"info","message":"Archivo eliminado: session-56831158263954.0.json","service":"whatsapp-api-v2","timestamp":"2026-06-09 11:06:05","version":"v2"}
{"category":"whatsapp","level":"info","message":"Archivo eliminado: session-57393866109117.0.json","service":"whatsapp-api-v2","timestamp":"2026-06-09 11:06:05","version":"v2"}
{"category":"whatsapp","level":"info","message":"Archivo eliminado: session-57419518459985.0.json","service":"whatsapp-api-v2","timestamp":"2026-06-09 11:06:05","version":"v2"}
{"category":"whatsapp","level":"info","message":"Archivo eliminado: session-57497515728937.0.json","service":"whatsapp-api-v2","timestamp":"2026-06-09 11:06:05","version":"v2"}
{"category":"whatsapp","level":"info","message":"Archivo eliminado: session-57861967225013.0.json","service":"whatsapp-api-v2","timestamp":"2026-06-09 11:06:05","version":"v2"}
{"category":"whatsapp","level":"info","message":"Archivo eliminado: session-584142902129.0.json","service":"whatsapp-api-v2","timestamp":"2026-06-09 11:06:05","version":"v2"}
{"category":"whatsapp","level":"info","message":"Archivo eliminado: session-584142902129.36.json","service":"whatsapp-api-v2","timestamp":"2026-06-09 11:06:05","version":"v2"}
{"category":"whatsapp","level":"info","message":"Archivo eliminado: session-584241703465.0.json","service":"whatsapp-api-v2","timestamp":"2026-06-09 11:06:05","version":"v2"}
{"category":"whatsapp","level":"info","message":"Archivo eliminado: session-584241703465.27.json","service":"whatsapp-api-v2","timestamp":"2026-06-09 11:06:05","version":"v2"}
{"category":"whatsapp","level":"info","message":"Archivo eliminado: session-584241703465.31.json","service":"whatsapp-api-v2","timestamp":"2026-06-09 11:06:05","version":"v2"}
{"category":"whatsapp","level":"info","message":"Archivo eliminado: session-584242115948.0.json","service":"whatsapp-api-v2","timestamp":"2026-06-09 11:06:05","version":"v2"}
{"category":"whatsapp","level":"info","message":"Archivo eliminado: session-584242115948.58.json","service":"whatsapp-api-v2","timestamp":"2026-06-09 11:06:05","version":"v2"}
{"category":"whatsapp","level":"info","message":"Archivo eliminado: session-584242115948.59.json","service":"whatsapp-api-v2","timestamp":"2026-06-09 11:06:05","version":"v2"}
{"category":"whatsapp","level":"info","message":"Archivo eliminado: session-58866939248693.0.json","service":"whatsapp-api-v2","timestamp":"2026-06-09 11:06:05","version":"v2"}
{"category":"whatsapp","level":"info","message":"Archivo eliminado: session-5940124352613.0.json","service":"whatsapp-api-v2","timestamp":"2026-06-09 11:06:05","version":"v2"}
{"category":"whatsapp","level":"info","message":"Archivo eliminado: session-61032139587739.0.json","service":"whatsapp-api-v2","timestamp":"2026-06-09 11:06:05","version":"v2"}
{"category":"whatsapp","level":"info","message":"Archivo eliminado: session-61598488109310.0.json","service":"whatsapp-api-v2","timestamp":"2026-06-09 11:06:05","version":"v2"}
{"category":"whatsapp","level":"info","message":"Archivo eliminado: session-61826104582395.0.json","service":"whatsapp-api-v2","timestamp":"2026-06-09 11:06:05","version":"v2"}
{"category":"whatsapp","level":"info","message":"Archivo eliminado: session-61864994164911.0.json","service":"whatsapp-api-v2","timestamp":"2026-06-09 11:06:05","version":"v2"}
{"category":"whatsapp","level":"info","message":"Archivo eliminado: session-6245067059204.0.json","service":"whatsapp-api-v2","timestamp":"2026-06-09 11:06:05","version":"v2"}
{"category":"whatsapp","level":"info","message":"Archivo eliminado: session-62642131578988.0.json","service":"whatsapp-api-v2","timestamp":"2026-06-09 11:06:05","version":"v2"}
{"category":"whatsapp","level":"info","message":"Archivo eliminado: session-62736637677641.0.json","service":"whatsapp-api-v2","timestamp":"2026-06-09 11:06:05","version":"v2"}
{"category":"whatsapp","level":"info","message":"Archivo eliminado: session-63273491763453.0.json","service":"whatsapp-api-v2","timestamp":"2026-06-09 11:06:05","version":"v2"}
{"category":"whatsapp","level":"info","message":"Archivo eliminado: session-64497691680971.0.json","service":"whatsapp-api-v2","timestamp":"2026-06-09 11:06:05","version":"v2"}
{"category":"whatsapp","level":"info","message":"Archivo eliminado: session-64738125959305.0.json","service":"whatsapp-api-v2","timestamp":"2026-06-09 11:06:05","version":"v2"}
{"category":"whatsapp","level":"info","message":"Archivo eliminado: session-65043186110519.0.json","service":"whatsapp-api-v2","timestamp":"2026-06-09 11:06:05","version":"v2"}
{"category":"whatsapp","level":"info","message":"Archivo eliminado: session-65605692592352.0.json","service":"whatsapp-api-v2","timestamp":"2026-06-09 11:06:05","version":"v2"}
{"category":"whatsapp","level":"info","message":"Archivo eliminado: session-65760412041224.0.json","service":"whatsapp-api-v2","timestamp":"2026-06-09 11:06:05","version":"v2"}
{"category":"whatsapp","level":"info","message":"Archivo eliminado: session-66280354766979.0.json","service":"whatsapp-api-v2","timestamp":"2026-06-09 11:06:05","version":"v2"}
{"category":"whatsapp","level":"info","message":"Archivo eliminado: session-67637228912770.0.json","service":"whatsapp-api-v2","timestamp":"2026-06-09 11:06:05","version":"v2"}
{"category":"whatsapp","level":"info","message":"Archivo eliminado: session-67989399433268.0.json","service":"whatsapp-api-v2","timestamp":"2026-06-09 11:06:05","version":"v2"}
{"category":"whatsapp","level":"info","message":"Archivo eliminado: session-68715349573757.0.json","service":"whatsapp-api-v2","timestamp":"2026-06-09 11:06:05","version":"v2"}
{"category":"whatsapp","level":"info","message":"Archivo eliminado: session-68719493550147.0.json","service":"whatsapp-api-v2","timestamp":"2026-06-09 11:06:05","version":"v2"}
{"category":"whatsapp","level":"info","message":"Archivo eliminado: session-69058930184224.0.json","service":"whatsapp-api-v2","timestamp":"2026-06-09 11:06:05","version":"v2"}
{"category":"whatsapp","level":"info","message":"Archivo eliminado: session-69179340288142.0.json","service":"whatsapp-api-v2","timestamp":"2026-06-09 11:06:05","version":"v2"}
{"category":"whatsapp","level":"info","message":"Archivo eliminado: session-69282218123366.0.json","service":"whatsapp-api-v2","timestamp":"2026-06-09 11:06:05","version":"v2"}
{"category":"whatsapp","level":"info","message":"Archivo eliminado: session-70149751226401.0.json","service":"whatsapp-api-v2","timestamp":"2026-06-09 11:06:05","version":"v2"}
{"category":"whatsapp","level":"info","message":"Archivo eliminado: session-70575657623724.0.json","service":"whatsapp-api-v2","timestamp":"2026-06-09 11:06:05","version":"v2"}
{"category":"whatsapp","level":"info","message":"Archivo eliminado: session-71618646810655.0.json","service":"whatsapp-api-v2","timestamp":"2026-06-09 11:06:05","version":"v2"}
{"category":"whatsapp","level":"info","message":"Archivo eliminado: session-72164208312547.0.json","service":"whatsapp-api-v2","timestamp":"2026-06-09 11:06:05","version":"v2"}
{"category":"whatsapp","level":"info","message":"Archivo eliminado: session-72426184556732.0.json","service":"whatsapp-api-v2","timestamp":"2026-06-09 11:06:05","version":"v2"}
{"category":"whatsapp","level":"info","message":"Archivo eliminado: session-72490760036369.0.json","service":"whatsapp-api-v2","timestamp":"2026-06-09 11:06:05","version":"v2"}
{"category":"whatsapp","level":"info","message":"Archivo eliminado: session-72920005124179.0.json","service":"whatsapp-api-v2","timestamp":"2026-06-09 11:06:05","version":"v2"}
{"category":"whatsapp","level":"info","message":"Archivo eliminado: session-73014628602108.0.json","service":"whatsapp-api-v2","timestamp":"2026-06-09 11:06:05","version":"v2"}
{"category":"whatsapp","level":"info","message":"Archivo eliminado: session-73388508881070.0.json","service":"whatsapp-api-v2","timestamp":"2026-06-09 11:06:05","version":"v2"}
{"category":"whatsapp","level":"info","message":"Archivo eliminado: session-74556790321219.0.json","service":"whatsapp-api-v2","timestamp":"2026-06-09 11:06:05","version":"v2"}
{"category":"whatsapp","level":"info","message":"Archivo eliminado: session-75058932371492.0.json","service":"whatsapp-api-v2","timestamp":"2026-06-09 11:06:05","version":"v2"}
{"category":"whatsapp","level":"info","message":"Archivo eliminado: session-76154551664723.0.json","service":"whatsapp-api-v2","timestamp":"2026-06-09 11:06:05","version":"v2"}
{"category":"whatsapp","level":"info","message":"Archivo eliminado: session-76218573529120.0.json","service":"whatsapp-api-v2","timestamp":"2026-06-09 11:06:05","version":"v2"}
{"category":"whatsapp","level":"info","message":"Archivo eliminado: session-76626511544416.0.json","service":"whatsapp-api-v2","timestamp":"2026-06-09 11:06:05","version":"v2"}
{"category":"whatsapp","level":"info","message":"Archivo eliminado: session-77408631840966.0.json","service":"whatsapp-api-v2","timestamp":"2026-06-09 11:06:05","version":"v2"}
{"category":"whatsapp","level":"info","message":"Archivo eliminado: session-7821169045648.0.json","service":"whatsapp-api-v2","timestamp":"2026-06-09 11:06:05","version":"v2"}
{"category":"whatsapp","level":"info","message":"Archivo eliminado: session-7821169045648.4.json","service":"whatsapp-api-v2","timestamp":"2026-06-09 11:06:05","version":"v2"}
{"category":"whatsapp","level":"info","message":"Archivo eliminado: session-78443500818482.0.json","service":"whatsapp-api-v2","timestamp":"2026-06-09 11:06:05","version":"v2"}
{"category":"whatsapp","level":"info","message":"Archivo eliminado: session-7851435155487.0.json","service":"whatsapp-api-v2","timestamp":"2026-06-09 11:06:05","version":"v2"}
{"category":"whatsapp","level":"info","message":"Archivo eliminado: session-78589512945863.0.json","service":"whatsapp-api-v2","timestamp":"2026-06-09 11:06:05","version":"v2"}
{"category":"whatsapp","level":"info","message":"Archivo eliminado: session-80569677402175.0.json","service":"whatsapp-api-v2","timestamp":"2026-06-09 11:06:05","version":"v2"}
{"category":"whatsapp","level":"info","message":"Archivo eliminado: session-80947684896847.0.json","service":"whatsapp-api-v2","timestamp":"2026-06-09 11:06:05","version":"v2"}
{"category":"whatsapp","level":"info","message":"Archivo eliminado: session-81115524116535.0.json","service":"whatsapp-api-v2","timestamp":"2026-06-09 11:06:05","version":"v2"}
{"category":"whatsapp","level":"info","message":"Archivo eliminado: session-81441388027966.0.json","service":"whatsapp-api-v2","timestamp":"2026-06-09 11:06:05","version":"v2"}
{"category":"whatsapp","level":"info","message":"Archivo eliminado: session-83829238825028.0.json","service":"whatsapp-api-v2","timestamp":"2026-06-09 11:06:05","version":"v2"}
{"category":"whatsapp","level":"info","message":"Archivo eliminado: session-84280193609847.0.json","service":"whatsapp-api-v2","timestamp":"2026-06-09 11:06:05","version":"v2"}
{"category":"whatsapp","level":"info","message":"Archivo eliminado: session-84379581820960.0.json","service":"whatsapp-api-v2","timestamp":"2026-06-09 11:06:05","version":"v2"}
{"category":"whatsapp","level":"info","message":"Archivo eliminado: session-84722726260802.0.json","service":"whatsapp-api-v2","timestamp":"2026-06-09 11:06:05","version":"v2"}
{"category":"whatsapp","level":"info","message":"Archivo eliminado: session-84791445737543.0.json","service":"whatsapp-api-v2","timestamp":"2026-06-09 11:06:05","version":"v2"}
{"category":"whatsapp","level":"info","message":"Archivo eliminado: session-85499964309515.0.json","service":"whatsapp-api-v2","timestamp":"2026-06-09 11:06:05","version":"v2"}
{"category":"whatsapp","level":"info","message":"Archivo eliminado: session-85972461068489.0.json","service":"whatsapp-api-v2","timestamp":"2026-06-09 11:06:05","version":"v2"}
{"category":"whatsapp","level":"info","message":"Archivo eliminado: session-86603938717945.0.json","service":"whatsapp-api-v2","timestamp":"2026-06-09 11:06:05","version":"v2"}
{"category":"whatsapp","level":"info","message":"Archivo eliminado: session-86904485761133.0.json","service":"whatsapp-api-v2","timestamp":"2026-06-09 11:06:05","version":"v2"}
{"category":"whatsapp","level":"info","message":"Archivo eliminado: session-88300266250384.0.json","service":"whatsapp-api-v2","timestamp":"2026-06-09 11:06:05","version":"v2"}
{"category":"whatsapp","level":"info","message":"Archivo eliminado: session-88721290485780.0.json","service":"whatsapp-api-v2","timestamp":"2026-06-09 11:06:05","version":"v2"}
{"category":"whatsapp","level":"info","message":"Archivo eliminado: session-88888794210412.0.json","service":"whatsapp-api-v2","timestamp":"2026-06-09 11:06:05","version":"v2"}
{"category":"whatsapp","level":"info","message":"Archivo eliminado: session-89090590527679.0.json","service":"whatsapp-api-v2","timestamp":"2026-06-09 11:06:05","version":"v2"}
{"category":"whatsapp","level":"info","message":"Archivo eliminado: session-89803957751844.0.json","service":"whatsapp-api-v2","timestamp":"2026-06-09 11:06:05","version":"v2"}
{"category":"whatsapp","level":"info","message":"Archivo eliminado: session-92440866385999.0.json","service":"whatsapp-api-v2","timestamp":"2026-06-09 11:06:05","version":"v2"}
{"category":"whatsapp","level":"info","message":"Archivo eliminado: session-92518091894984.0.json","service":"whatsapp-api-v2","timestamp":"2026-06-09 11:06:05","version":"v2"}
{"category":"whatsapp","level":"info","message":"Archivo eliminado: session-92608252661860.0.json","service":"whatsapp-api-v2","timestamp":"2026-06-09 11:06:05","version":"v2"}
{"category":"whatsapp","level":"info","message":"Archivo eliminado: session-93484325298213.0.json","service":"whatsapp-api-v2","timestamp":"2026-06-09 11:06:05","version":"v2"}
{"category":"whatsapp","level":"info","message":"Archivo eliminado: session-93609013588184.0.json","service":"whatsapp-api-v2","timestamp":"2026-06-09 11:06:05","version":"v2"}
{"category":"whatsapp","level":"info","message":"Archivo eliminado: session-94605513089255.0.json","service":"whatsapp-api-v2","timestamp":"2026-06-09 11:06:05","version":"v2"}
{"category":"whatsapp","level":"info","message":"Archivo eliminado: session-94648311803998.0.json","service":"whatsapp-api-v2","timestamp":"2026-06-09 11:06:05","version":"v2"}
{"category":"whatsapp","level":"info","message":"Archivo eliminado: session-94841870516253.0.json","service":"whatsapp-api-v2","timestamp":"2026-06-09 11:06:05","version":"v2"}
{"category":"whatsapp","level":"info","message":"Archivo eliminado: session-95008988340407.0.json","service":"whatsapp-api-v2","timestamp":"2026-06-09 11:06:05","version":"v2"}
{"category":"whatsapp","level":"info","message":"Archivo eliminado: session-95515777753130.0.json","service":"whatsapp-api-v2","timestamp":"2026-06-09 11:06:05","version":"v2"}
{"category":"whatsapp","level":"info","message":"Archivo eliminado: session-95618991144964.0.json","service":"whatsapp-api-v2","timestamp":"2026-06-09 11:06:05","version":"v2"}
{"category":"whatsapp","level":"info","message":"Archivo eliminado: session-95902710685746.0.json","service":"whatsapp-api-v2","timestamp":"2026-06-09 11:06:05","version":"v2"}
{"category":"whatsapp","level":"info","message":"Archivo eliminado: session-9625223061717.0.json","service":"whatsapp-api-v2","timestamp":"2026-06-09 11:06:05","version":"v2"}
{"category":"whatsapp","level":"info","message":"Archivo eliminado: session-96349018169526.0.json","service":"whatsapp-api-v2","timestamp":"2026-06-09 11:06:05","version":"v2"}
{"category":"whatsapp","level":"info","message":"Archivo eliminado: session-96383461810295.0.json","service":"whatsapp-api-v2","timestamp":"2026-06-09 11:06:05","version":"v2"}
{"category":"whatsapp","level":"info","message":"Archivo eliminado: session-96813059199040.0.json","service":"whatsapp-api-v2","timestamp":"2026-06-09 11:06:05","version":"v2"}
{"category":"whatsapp","level":"info","message":"Archivo eliminado: session-9698187194576.0.json","service":"whatsapp-api-v2","timestamp":"2026-06-09 11:06:05","version":"v2"}
{"category":"whatsapp","level":"info","message":"Archivo eliminado: session-97457253965991.9.json","service":"whatsapp-api-v2","timestamp":"2026-06-09 11:06:05","version":"v2"}
{"category":"whatsapp","level":"info","message":"Archivo eliminado: session-98080024178719.0.json","service":"whatsapp-api-v2","timestamp":"2026-06-09 11:06:05","version":"v2"}
{"category":"whatsapp","level":"info","message":"Archivo eliminado: session-98440667263219.0.json","service":"whatsapp-api-v2","timestamp":"2026-06-09 11:06:05","version":"v2"}
{"category":"whatsapp","level":"info","message":"Archivo eliminado: session-99111185428568.0.json","service":"whatsapp-api-v2","timestamp":"2026-06-09 11:06:05","version":"v2"}
{"category":"whatsapp","level":"info","message":"Archivo eliminado: session-99613512048883.0.json","service":"whatsapp-api-v2","timestamp":"2026-06-09 11:06:05","version":"v2"}
{"category":"whatsapp","level":"info","message":"Archivo eliminado: session-99686392299580.0.json","service":"whatsapp-api-v2","timestamp":"2026-06-09 11:06:05","version":"v2"}
{"category":"whatsapp","level":"info","message":"Archivo eliminado: session-99686560071781.0.json","service":"whatsapp-api-v2","timestamp":"2026-06-09 11:06:05","version":"v2"}
{"category":"whatsapp","level":"info","message":"Sesión corrupta limpiada exitosamente","service":"whatsapp-api-v2","timestamp":"2026-06-09 11:06:05","version":"v2"}
{"category":"whatsapp","level":"info","message":"Máximo de reintentos alcanzado o sesión cerrada","service":"whatsapp-api-v2","timestamp":"2026-06-09 11:06:05","version":"v2"}
{"ip":"::1","level":"info","message":"GET /api/whatsapp/status","service":"whatsapp-api-v2","timestamp":"2026-06-09 11:06:26","userAgent":"GuzzleHttp/7","version":"v2"}
{"ip":"::1","level":"info","message":"GET /api/whatsapp/messages","service":"whatsapp-api-v2","timestamp":"2026-06-09 11:06:26","userAgent":"GuzzleHttp/7","version":"v2"}
{"ip":"::1","level":"info","message":"GET /api/whatsapp/status","service":"whatsapp-api-v2","timestamp":"2026-06-09 11:06:56","userAgent":"GuzzleHttp/7","version":"v2"}
{"ip":"::1","level":"info","message":"GET /api/whatsapp/messages","service":"whatsapp-api-v2","timestamp":"2026-06-09 11:06:56","userAgent":"GuzzleHttp/7","version":"v2"}
{"ip":"::1","level":"info","message":"GET /api/whatsapp/status","service":"whatsapp-api-v2","timestamp":"2026-06-09 11:07:00","userAgent":"GuzzleHttp/7","version":"v2"}
{"ip":"::1","level":"info","message":"POST /api/whatsapp/connect","service":"whatsapp-api-v2","timestamp":"2026-06-09 11:07:03","userAgent":"GuzzleHttp/7","version":"v2"}
{"ip":"::1","level":"info","message":"GET /","service":"whatsapp-api-v2","timestamp":"2026-06-09 11:07:15","userAgent":"Mozilla/5.0 (Windows NT 10.0; Win64; x64) AppleWebKit/537.36 (KHTML, like Gecko) Chrome/149.0.0.0 Safari/537.36","version":"v2"}
{"ip":"::1","level":"info","message":"GET /favicon.ico","service":"whatsapp-api-v2","timestamp":"2026-06-09 11:07:15","userAgent":"Mozilla/5.0 (Windows NT 10.0; Win64; x64) AppleWebKit/537.36 (KHTML, like Gecko) Chrome/149.0.0.0 Safari/537.36","version":"v2"}
{"level":"info","message":"Recibida señal SIGINT, cerrando servidor...","service":"whatsapp-api-v2","timestamp":"2026-06-09 11:07:36","version":"v2"}
{"level":"info","message":"✅ Base de datos conectada","service":"whatsapp-api-v2","timestamp":"2026-06-09 11:07:45","version":"v2"}
{"level":"info","message":"✅ Modo sin cache activado","service":"whatsapp-api-v2","timestamp":"2026-06-09 11:07:45","version":"v2"}
{"category":"whatsapp","level":"info","message":"Inicializando servicio WhatsApp...","service":"whatsapp-api-v2","timestamp":"2026-06-09 11:07:45","version":"v2"}
{"category":"whatsapp","level":"info","message":"Usando Baileys v2.3000.1035194821, es la última: true","service":"whatsapp-api-v2","timestamp":"2026-06-09 11:07:45","version":"v2"}
{"category":"whatsapp","level":"info","message":"Inicializando autenticación...","service":"whatsapp-api-v2","timestamp":"2026-06-09 11:07:45","version":"v2"}
{"category":"whatsapp","level":"info","message":"Autenticación cargada exitosamente","service":"whatsapp-api-v2","timestamp":"2026-06-09 11:07:45","version":"v2"}
{"level":"info","message":"✅ Servicio WhatsApp inicializado","service":"whatsapp-api-v2","timestamp":"2026-06-09 11:07:45","version":"v2"}
{"category":"whatsapp","connection":"connecting","level":"info","message":"Actualización de conexión:","service":"whatsapp-api-v2","timestamp":"2026-06-09 11:07:45","version":"v2"}
{"level":"info","message":"🚀 WhatsApp API v2 ejecutándose en puerto 3001","service":"whatsapp-api-v2","timestamp":"2026-06-09 11:07:45","version":"v2"}
{"level":"info","message":"📱 Entorno: development","service":"whatsapp-api-v2","timestamp":"2026-06-09 11:07:45","version":"v2"}
{"level":"info","message":"🔗 Health check: http://localhost:3001/health","service":"whatsapp-api-v2","timestamp":"2026-06-09 11:07:45","version":"v2"}
{"category":"whatsapp","level":"info","message":"Actualización de conexión:","service":"whatsapp-api-v2","timestamp":"2026-06-09 11:07:46","version":"v2"}
{"category":"whatsapp","level":"info","message":"Código QR generado","service":"whatsapp-api-v2","timestamp":"2026-06-09 11:07:46","version":"v2"}
{"category":"whatsapp","level":"info","message":"Actualización de conexión:","service":"whatsapp-api-v2","timestamp":"2026-06-09 11:08:24","version":"v2"}
{"category":"whatsapp","connection":"close","lastDisconnect":515,"level":"info","message":"Actualización de conexión:","service":"whatsapp-api-v2","timestamp":"2026-06-09 11:08:25","version":"v2"}
{"category":"whatsapp","level":"info","message":"Desconectado de WhatsApp:","reason":515,"reconnectAttempts":0,"service":"whatsapp-api-v2","shouldReconnect":true,"timestamp":"2026-06-09 11:08:25","version":"v2"}
{"category":"whatsapp","level":"info","message":"Reintentando conexión en 2000ms (intento 1/5)","service":"whatsapp-api-v2","timestamp":"2026-06-09 11:08:25","version":"v2"}
{"category":"whatsapp","level":"info","message":"Inicializando autenticación...","service":"whatsapp-api-v2","timestamp":"2026-06-09 11:08:27","version":"v2"}
{"category":"whatsapp","level":"info","message":"Autenticación cargada exitosamente","service":"whatsapp-api-v2","timestamp":"2026-06-09 11:08:27","version":"v2"}
{"category":"whatsapp","connection":"connecting","level":"info","message":"Actualización de conexión:","service":"whatsapp-api-v2","timestamp":"2026-06-09 11:08:27","version":"v2"}
{"category":"whatsapp","level":"info","message":"Actualización de conexión:","service":"whatsapp-api-v2","timestamp":"2026-06-09 11:08:29","version":"v2"}
{"category":"whatsapp","level":"info","message":"Actualización de conexión:","service":"whatsapp-api-v2","timestamp":"2026-06-09 11:08:31","version":"v2"}
{"category":"whatsapp","connection":"open","level":"info","message":"Actualización de conexión:","service":"whatsapp-api-v2","timestamp":"2026-06-09 11:08:31","version":"v2"}
{"category":"whatsapp","level":"info","message":"✅ Conectado a WhatsApp exitosamente","service":"whatsapp-api-v2","timestamp":"2026-06-09 11:08:31","version":"v2"}
{"ip":"::1","level":"info","message":"GET /api/whatsapp/status","service":"whatsapp-api-v2","timestamp":"2026-06-09 11:08:35","userAgent":"GuzzleHttp/7","version":"v2"}
{"ip":"::1","level":"info","message":"GET /api/whatsapp/messages","service":"whatsapp-api-v2","timestamp":"2026-06-09 11:08:35","userAgent":"GuzzleHttp/7","version":"v2"}
{"ip":"::1","level":"info","message":"GET /api/whatsapp/status","service":"whatsapp-api-v2","timestamp":"2026-06-09 11:11:46","userAgent":"GuzzleHttp/7","version":"v2"}
{"ip":"::1","level":"info","message":"GET /api/whatsapp/messages","service":"whatsapp-api-v2","timestamp":"2026-06-09 11:11:46","userAgent":"GuzzleHttp/7","version":"v2"}
{"ip":"::1","level":"info","message":"GET /api/whatsapp/status","service":"whatsapp-api-v2","timestamp":"2026-06-09 11:12:39","userAgent":"GuzzleHttp/7","version":"v2"}
{"ip":"::1","level":"info","message":"POST /api/whatsapp/send","service":"whatsapp-api-v2","timestamp":"2026-06-09 11:13:25","userAgent":"GuzzleHttp/7","version":"v2"}
{"companyId":1,"level":"info","message":"Anti-block: Message validated and delayed for 584241703465@s.whatsapp.net","messageLength":386,"service":"whatsapp-api-v2","timestamp":"2026-06-09 11:13:25","to":"584241703465@s.whatsapp.net","version":"v2"}
{"category":"message","level":"info","message":"Message sent","messageId":"3EB0A8E0DB15F5190D8F12","service":"whatsapp-api-v2","timestamp":"2026-06-09 11:13:27","to":"584241703465@s.whatsapp.net","version":"v2"}
{"category":"message","level":"info","message":"Message updated","messageId":"3EB0A8E0DB15F5190D8F12","service":"whatsapp-api-v2","status":3,"timestamp":"2026-06-09 11:13:27","version":"v2"}
{"category":"message","level":"info","message":"Message updated","messageId":"3EB0A8E0DB15F5190D8F12","service":"whatsapp-api-v2","status":3,"timestamp":"2026-06-09 11:13:27","version":"v2"}
{"category":"message","level":"info","message":"Message updated","messageId":"3EB0A8E0DB15F5190D8F12","service":"whatsapp-api-v2","status":2,"timestamp":"2026-06-09 11:13:27","version":"v2"}
{"category":"message","level":"info","message":"Message updated","messageId":"3EB0A8E0DB15F5190D8F12","service":"whatsapp-api-v2","status":3,"timestamp":"2026-06-09 11:13:27","version":"v2"}
{"ip":"::1","level":"info","message":"POST /api/whatsapp/send","service":"whatsapp-api-v2","timestamp":"2026-06-09 11:16:02","userAgent":"GuzzleHttp/7","version":"v2"}
{"companyId":1,"level":"info","message":"Anti-block: Message validated and delayed for 584241703465@s.whatsapp.net","messageLength":445,"service":"whatsapp-api-v2","timestamp":"2026-06-09 11:16:02","to":"584241703465@s.whatsapp.net","version":"v2"}
{"category":"message","level":"info","message":"Message sent","messageId":"3EB00BD030803802EEA069","service":"whatsapp-api-v2","timestamp":"2026-06-09 11:16:02","to":"584241703465@s.whatsapp.net","version":"v2"}
{"category":"message","level":"info","message":"Message updated","messageId":"3EB00BD030803802EEA069","service":"whatsapp-api-v2","status":3,"timestamp":"2026-06-09 11:16:02","version":"v2"}
{"category":"message","level":"info","message":"Message updated","messageId":"3EB00BD030803802EEA069","service":"whatsapp-api-v2","status":3,"timestamp":"2026-06-09 11:16:02","version":"v2"}
{"category":"message","level":"info","message":"Message updated","messageId":"3EB00BD030803802EEA069","service":"whatsapp-api-v2","status":2,"timestamp":"2026-06-09 11:16:03","version":"v2"}
{"category":"message","level":"info","message":"Message updated","messageId":"3EB00BD030803802EEA069","service":"whatsapp-api-v2","status":3,"timestamp":"2026-06-09 11:16:03","version":"v2"}
{"ip":"::1","level":"info","message":"GET /api/whatsapp/status","service":"whatsapp-api-v2","timestamp":"2026-06-09 11:29:33","userAgent":"GuzzleHttp/7","version":"v2"}
{"ip":"::1","level":"info","message":"GET /api/whatsapp/messages","service":"whatsapp-api-v2","timestamp":"2026-06-09 11:29:33","userAgent":"GuzzleHttp/7","version":"v2"}
{"ip":"::1","level":"info","message":"POST /api/whatsapp/send","service":"whatsapp-api-v2","timestamp":"2026-06-09 11:34:44","userAgent":"GuzzleHttp/7","version":"v2"}
{"companyId":1,"level":"info","message":"Anti-block: Message validated and delayed for 584241703465@s.whatsapp.net","messageLength":408,"service":"whatsapp-api-v2","timestamp":"2026-06-09 11:34:44","to":"584241703465@s.whatsapp.net","version":"v2"}
{"category":"message","level":"info","message":"Message sent","messageId":"3EB07B158BA8FBB9E7AB2A","service":"whatsapp-api-v2","timestamp":"2026-06-09 11:34:45","to":"584241703465@s.whatsapp.net","version":"v2"}
{"ip":"::1","level":"info","message":"POST /api/whatsapp/send-document","service":"whatsapp-api-v2","timestamp":"2026-06-09 11:34:45","userAgent":"GuzzleHttp/7","version":"v2"}
{"category":"message","level":"info","message":"Message updated","messageId":"3EB07B158BA8FBB9E7AB2A","service":"whatsapp-api-v2","status":3,"timestamp":"2026-06-09 11:34:45","version":"v2"}
{"category":"message","level":"info","message":"Message updated","messageId":"3EB07B158BA8FBB9E7AB2A","service":"whatsapp-api-v2","status":3,"timestamp":"2026-06-09 11:34:45","version":"v2"}
{"category":"message","level":"info","message":"Message updated","messageId":"3EB07B158BA8FBB9E7AB2A","service":"whatsapp-api-v2","status":2,"timestamp":"2026-06-09 11:34:45","version":"v2"}
{"category":"message","level":"info","message":"Message updated","messageId":"3EB07B158BA8FBB9E7AB2A","service":"whatsapp-api-v2","status":3,"timestamp":"2026-06-09 11:34:45","version":"v2"}
{"category":"message","level":"info","message":"Message sent","messageId":"3EB05DC651D167774D1659","service":"whatsapp-api-v2","timestamp":"2026-06-09 11:34:46","to":"584241703465@s.whatsapp.net","version":"v2"}
{"category":"message","level":"info","message":"Message updated","messageId":"3EB05DC651D167774D1659","service":"whatsapp-api-v2","status":3,"timestamp":"2026-06-09 11:34:46","version":"v2"}
{"category":"message","level":"info","message":"Message updated","messageId":"3EB05DC651D167774D1659","service":"whatsapp-api-v2","status":3,"timestamp":"2026-06-09 11:34:46","version":"v2"}
{"category":"message","level":"info","message":"Message updated","messageId":"3EB05DC651D167774D1659","service":"whatsapp-api-v2","status":2,"timestamp":"2026-06-09 11:34:46","version":"v2"}
{"category":"message","level":"info","message":"Message updated","messageId":"3EB05DC651D167774D1659","service":"whatsapp-api-v2","status":3,"timestamp":"2026-06-09 11:34:47","version":"v2"}
{"ip":"::1","level":"info","message":"GET /api/whatsapp/status","service":"whatsapp-api-v2","timestamp":"2026-06-09 11:40:33","userAgent":"GuzzleHttp/7","version":"v2"}
{"ip":"::1","level":"info","message":"GET /api/whatsapp/status","service":"whatsapp-api-v2","timestamp":"2026-06-09 11:42:00","userAgent":"GuzzleHttp/7","version":"v2"}
{"category":"whatsapp","connection":"close","lastDisconnect":428,"level":"info","message":"Actualización de conexión:","service":"whatsapp-api-v2","timestamp":"2026-06-09 11:44:43","version":"v2"}
{"category":"whatsapp","level":"info","message":"Desconectado de WhatsApp:","reason":428,"reconnectAttempts":0,"service":"whatsapp-api-v2","shouldReconnect":true,"timestamp":"2026-06-09 11:44:43","version":"v2"}
{"category":"whatsapp","level":"info","message":"Reintentando conexión en 2000ms (intento 1/5)","service":"whatsapp-api-v2","timestamp":"2026-06-09 11:44:43","version":"v2"}
{"category":"whatsapp","level":"info","message":"Inicializando autenticación...","service":"whatsapp-api-v2","timestamp":"2026-06-09 11:44:45","version":"v2"}
{"category":"whatsapp","level":"info","message":"Autenticación cargada exitosamente","service":"whatsapp-api-v2","timestamp":"2026-06-09 11:44:45","version":"v2"}
{"category":"whatsapp","connection":"connecting","level":"info","message":"Actualización de conexión:","service":"whatsapp-api-v2","timestamp":"2026-06-09 11:44:45","version":"v2"}
{"category":"whatsapp","level":"info","message":"Actualización de conexión:","service":"whatsapp-api-v2","timestamp":"2026-06-09 11:44:46","version":"v2"}
{"category":"whatsapp","level":"info","message":"Actualización de conexión:","service":"whatsapp-api-v2","timestamp":"2026-06-09 11:44:46","version":"v2"}
{"category":"whatsapp","connection":"open","level":"info","message":"Actualización de conexión:","service":"whatsapp-api-v2","timestamp":"2026-06-09 11:44:46","version":"v2"}
{"category":"whatsapp","level":"info","message":"✅ Conectado a WhatsApp exitosamente","service":"whatsapp-api-v2","timestamp":"2026-06-09 11:44:46","version":"v2"}
{"category":"message","from":"status@broadcast","level":"info","message":"Message received","service":"whatsapp-api-v2","timestamp":"2026-06-09 11:47:07","version":"v2"}
{"category":"message","from":"status@broadcast","level":"info","message":"Message received","service":"whatsapp-api-v2","timestamp":"2026-06-09 11:47:13","version":"v2"}
{"category":"message","from":"status@broadcast","level":"info","message":"Message received","messageType":"senderKeyDistributionMessage","service":"whatsapp-api-v2","timestamp":"2026-06-09 11:47:13","version":"v2"}
{"category":"whatsapp","level":"info","message":"Contactos actualizados: 1134","service":"whatsapp-api-v2","timestamp":"2026-06-09 12:07:21","version":"v2"}
{"category":"whatsapp","level":"info","message":"Contactos actualizados: 1134","service":"whatsapp-api-v2","timestamp":"2026-06-09 12:07:30","version":"v2"}
{"level":"info","message":"Recibida señal SIGINT, cerrando servidor...","service":"whatsapp-api-v2","timestamp":"2026-06-09 12:20:43","version":"v2"}
